datetime,dwords
2019-11-28T14:58:47+09:00,"['word0', 'word1']"
2019-11-28T14:53:26+09:00,"['word0', 'word2']"
2019-11-28T12:51:15+09:00,"['word0', 'word3']"
2019-11-28T12:37:03+09:00,"['word0', 'word4', 'word5']"
2019-11-28T12:36:44+09:00,['word0']
2019-11-28T12:33:00+09:00,['word0']
2019-11-28T12:08:54+09:00,"['word6', 'word7', 'word8']"
2019-11-28T12:08:02+09:00,"['word6', 'word7', 'word8']"
2019-11-28T12:07:57+09:00,"['word6', 'word7', 'word9']"
2019-11-28T12:07:18+09:00,"['word6', 'word7', 'word9']"
2019-11-28T12:07:05+09:00,"['word6', 'word7', 'word9']"
2019-11-28T12:06:56+09:00,"['word6', 'word7', 'word8']"
2019-11-28T12:06:43+09:00,"['word6', 'word10', 'word11']"
2019-11-28T12:05:49+09:00,"['word6', 'word10', 'word11']"
2019-11-28T12:05:47+09:00,"['word6', 'word10']"
2019-11-28T12:04:52+09:00,"['word6', 'word10']"
2019-11-28T12:04:48+09:00,"['word6', 'word10', 'word11']"
2019-11-28T12:04:19+09:00,"['word6', 'word7', 'word8']"
2019-11-28T12:04:09+09:00,"['word6', 'word7', 'word8']"
2019-11-28T12:03:58+09:00,"['word6', 'word12']"
2019-11-28T11:53:06+09:00,"['word6', 'word12']"
2019-11-26T19:35:04+09:00,"['word6', 'word13']"
2019-11-26T19:34:59+09:00,"['word6', 'word14']"
2019-11-26T19:15:29+09:00,"['word15', 'word13']"
2019-11-26T19:09:06+09:00,"['word6', 'word14']"
2019-11-26T18:47:22+09:00,"['word16', 'word17', 'word6']"
2019-11-26T18:27:07+09:00,['word18']
2019-11-26T18:18:14+09:00,"['word6', 'word19']"
2019-11-26T18:17:40+09:00,"['word6', 'word20', 'word9']"
2019-11-26T18:01:25+09:00,"['word6', 'word21', 'word22']"
2019-11-26T18:00:56+09:00,"['word6', 'word21', 'word22']"
2019-11-26T17:59:29+09:00,"['word6', 'word21', 'word22']"
2019-11-26T17:59:26+09:00,"['word6', 'word21']"
2019-11-26T17:28:42+09:00,"['word6', 'word21']"
2019-11-26T17:28:39+09:00,"['word6', 'word21', 'word22']"
2019-11-26T17:18:16+09:00,"['word6', 'word23']"
2019-11-26T17:18:08+09:00,"['word6', 'word17']"
2019-11-26T17:16:53+09:00,"['word6', 'word17']"
2019-11-26T17:16:33+09:00,"['word6', 'word17']"
2019-11-26T16:52:29+09:00,"['word6', 'word24', 'word9']"
2019-11-26T16:45:00+09:00,"['word6', 'word13']"
2019-11-26T16:44:22+09:00,"['word6', 'word13']"
2019-11-26T16:42:03+09:00,"['word6', 'word25']"
2019-11-26T16:37:27+09:00,"['word6', 'word26', 'word24', 'word27']"
2019-11-26T16:37:21+09:00,"['word6', 'word26', 'word24', 'word28']"
2019-11-26T16:37:08+09:00,"['word6', 'word26', 'word24', 'word29']"
2019-11-26T16:36:59+09:00,"['word6', 'word26', 'word8']"
2019-11-26T16:09:59+09:00,"['word6', 'word26', 'word30', 'word27']"
2019-11-26T16:04:58+09:00,"['word6', 'word26', 'word8']"
2019-11-26T16:03:30+09:00,"['word6', 'word26', 'word8']"
2019-11-26T14:44:25+09:00,"['word31', 'word32']"
2019-11-26T14:44:16+09:00,"['word33', 'word32', 'word34']"
2019-11-26T14:44:02+09:00,"['word33', 'word32', 'word34']"
2019-11-26T14:43:31+09:00,"['word33', 'word32', 'word34']"
2019-11-26T14:43:23+09:00,"['word33', 'word32']"
2019-11-26T14:43:02+09:00,"['word33', 'word32']"
2019-11-26T14:42:12+09:00,"['word35', 'word36']"
2019-11-26T14:40:11+09:00,"['word37', 'word35']"
2019-11-26T13:05:31+09:00,"['word38', 'word39']"
2019-11-22T15:38:45+09:00,"['word6', 'word26', 'word30', 'word27']"
2019-11-22T15:37:57+09:00,"['word6', 'word26', 'word30', 'word27']"
2019-11-22T15:36:38+09:00,"['word6', 'word26', 'word30', 'word27']"
2019-11-22T15:27:50+09:00,"['word6', 'word26', 'word30', 'word27']"
2019-11-22T15:26:24+09:00,"['word6', 'word26', 'word30', 'word27']"
2019-11-22T15:26:22+09:00,"['word6', 'word26', 'word30']"
2019-11-22T15:26:03+09:00,"['word6', 'word40', 'word30']"
2019-11-22T15:25:17+09:00,"['word6', 'word40', 'word30']"
2019-11-22T15:22:31+09:00,"['word6', 'word40', 'word30']"
2019-11-22T15:22:15+09:00,"['word6', 'word40', 'word41']"
2019-11-22T15:22:14+09:00,"['word6', 'word40', 'word41']"
2019-11-22T15:13:46+09:00,"['word6', 'word42']"
2019-11-22T15:11:40+09:00,"['word6', 'word42']"
2019-11-22T15:11:27+09:00,"['word6', 'word40', 'word24', 'word8']"
2019-11-22T15:09:53+09:00,"['word6', 'word40', 'word24', 'word8']"
2019-11-22T15:09:38+09:00,"['word6', 'word40', 'word8']"
2019-11-22T15:08:14+09:00,"['word33', 'word4', 'word43']"
2019-11-22T14:58:34+09:00,"['word33', 'word4', 'word43']"
2019-11-22T14:58:32+09:00,"['word33', 'word4', 'word43']"
2019-11-22T14:58:22+09:00,"['word33', 'word4', 'word43']"
2019-11-22T14:58:00+09:00,"['word33', 'word4', 'word43']"
2019-11-22T14:49:49+09:00,"['word33', 'word4', 'word43']"
2019-11-22T14:48:18+09:00,"['word33', 'word4', 'word43']"
2019-11-22T14:47:20+09:00,"['word33', 'word4', 'word43']"
2019-11-22T14:44:48+09:00,"['word33', 'word4', 'word43']"
2019-11-22T14:44:35+09:00,"['word33', 'word4', 'word44']"
2019-11-22T14:44:05+09:00,"['word6', 'word4', 'word43']"
2019-11-22T14:34:57+09:00,"['word6', 'word4', 'word43']"
2019-11-22T14:34:30+09:00,"['word6', 'word4', 'word45']"
2019-11-22T14:27:00+09:00,"['word6', 'word40', 'word8']"
2019-11-22T14:26:10+09:00,"['word6', 'word40', 'word8']"
2019-11-22T14:18:22+09:00,"['word6', 'word40', 'word8']"
2019-11-22T14:18:07+09:00,"['word6', 'word40', 'word8']"
2019-11-22T14:17:01+09:00,"['word6', 'word40', 'word8']"
2019-11-22T14:16:51+09:00,"['word6', 'word26', 'word24', 'word8']"
2019-11-22T14:16:03+09:00,"['word6', 'word26', 'word24', 'word8']"
2019-11-22T14:15:46+09:00,"['word6', 'word4', 'word8']"
2019-11-22T14:14:49+09:00,"['word6', 'word4', 'word8']"
2019-11-22T14:14:35+09:00,"['word6', 'word4', 'word8']"
2019-11-22T13:58:12+09:00,"['word6', 'word26', 'word20', 'word46']"
2019-11-22T13:57:57+09:00,"['word6', 'word26', 'word20', 'word46']"
2019-11-22T13:57:33+09:00,"['word47', 'word48', 'word26']"
2019-11-22T13:51:25+09:00,"['word47', 'word48', 'word26']"
2019-11-22T13:51:18+09:00,"['word6', 'word40', 'word49']"
2019-11-22T13:50:27+09:00,"['word6', 'word40', 'word49']"
2019-11-22T13:50:12+09:00,"['word6', 'word40', 'word49']"
2019-11-22T13:49:57+09:00,"['word6', 'word40', 'word4']"
2019-11-22T13:49:40+09:00,"['word6', 'word40', 'word4']"
2019-11-22T13:39:32+09:00,"['word6', 'word50', 'word27']"
2019-11-22T13:39:03+09:00,"['word6', 'word50', 'word27']"
2019-11-22T13:38:46+09:00,"['word6', 'word50', 'word27']"
2019-11-22T13:34:47+09:00,"['word6', 'word50', 'word27']"
2019-11-22T13:34:04+09:00,"['word6', 'word50', 'word27']"
2019-11-22T13:33:58+09:00,"['word6', 'word50', 'word51']"
2019-11-22T13:33:14+09:00,"['word6', 'word50', 'word51']"
2019-11-22T13:32:42+09:00,"['word6', 'word50', 'word51']"
2019-11-22T13:32:30+09:00,"['word6', 'word50', 'word51']"
2019-11-22T13:18:25+09:00,"['word6', 'word52', 'word51']"
2019-11-22T13:18:05+09:00,"['word6', 'word52', 'word51']"
2019-11-22T13:16:44+09:00,"['word6', 'word52', 'word51']"
2019-11-22T13:16:20+09:00,"['word33', 'word26', 'word53']"
2019-11-22T13:08:57+09:00,"['word33', 'word26', 'word53']"
2019-11-22T13:08:31+09:00,"['word33', 'word26']"
2019-11-22T13:07:41+09:00,"['word33', 'word26']"
2019-11-22T13:06:31+09:00,"['word33', 'word26']"
2019-11-22T13:06:17+09:00,"['word6', 'word54']"
2019-11-22T13:05:49+09:00,"['word6', 'word54']"
2019-11-22T13:04:48+09:00,"['word6', 'word54']"
2019-11-22T13:04:27+09:00,"['word6', 'word26', 'word55']"
2019-11-22T12:46:05+09:00,"['word6', 'word26', 'word55']"
2019-11-22T12:44:50+09:00,"['word56', 'word40']"
2019-11-22T12:44:49+09:00,"['word56', 'word40']"
2019-11-22T12:44:39+09:00,['word56']
2019-11-22T12:33:53+09:00,"['word6', 'word26', 'word20', 'word46']"
2019-11-22T12:32:59+09:00,"['word6', 'word26', 'word20', 'word46']"
2019-11-22T12:29:17+09:00,"['word6', 'word26', 'word20', 'word46']"
2019-11-21T16:52:53+09:00,"['word26', 'word4', 'word57', 'word47']"
2019-11-21T16:52:47+09:00,"['word26', 'word4', 'word57']"
2019-11-21T16:43:52+09:00,"['word6', 'word26']"
2019-11-21T16:43:49+09:00,"['word6', 'word26', 'word55']"
2019-11-21T16:39:35+09:00,"['word6', 'word26', 'word55']"
2019-11-21T16:38:31+09:00,"['word6', 'word50', 'word58']"
2019-11-21T16:38:18+09:00,"['word6', 'word50', 'word58']"
2019-11-21T16:36:56+09:00,"['word6', 'word50', 'word58']"
2019-11-21T16:36:32+09:00,"['word6', 'word50', 'word58']"
2019-11-21T16:36:16+09:00,"['word6', 'word50', 'word58']"
2019-11-21T16:36:10+09:00,"['word6', 'word50', 'word27']"
2019-11-21T16:21:31+09:00,"['word6', 'word50', 'word27']"
2019-11-21T16:19:14+09:00,"['word6', 'word50', 'word27']"
2019-11-21T16:18:46+09:00,"['word6', 'word50', 'word27']"
2019-11-21T16:18:08+09:00,"['word6', 'word50', 'word27']"
2019-11-21T16:17:56+09:00,"['word6', 'word50', 'word27']"
2019-11-21T16:09:59+09:00,"['word16', 'word17', 'word6']"
2019-11-21T16:09:42+09:00,"['word16', 'word17', 'word6']"
2019-11-21T16:09:23+09:00,"['word16', 'word17']"
2019-11-21T16:09:23+09:00,"['word16', 'word17']"
2019-11-21T16:09:19+09:00,"['word16', 'word59']"
2019-11-21T16:07:55+09:00,"['word6', 'word17']"
2019-11-21T16:07:31+09:00,"['word6', 'word17']"
2019-11-21T16:06:59+09:00,"['word6', 'word17']"
2019-11-21T16:06:56+09:00,"['word6', 'word21']"
2019-11-21T16:05:52+09:00,"['word6', 'word50', 'word60']"
2019-11-21T16:04:45+09:00,"['word6', 'word50', 'word60']"
2019-11-21T16:03:50+09:00,"['word6', 'word50', 'word60']"
2019-11-21T15:40:49+09:00,"['word6', 'word50', 'word60']"
2019-11-21T15:40:19+09:00,"['word6', 'word50', 'word60']"
2019-11-21T15:26:08+09:00,"['word6', 'word50', 'word60']"
2019-11-21T15:25:56+09:00,"['word6', 'word40', 'word24', 'word60']"
2019-11-21T15:22:19+09:00,"['word6', 'word40', 'word61']"
2019-11-21T15:17:52+09:00,"['word6', 'word26', 'word51', 'word55']"
2019-11-21T15:17:09+09:00,"['word6', 'word26', 'word51', 'word55']"
2019-11-21T15:16:35+09:00,"['word6', 'word26', 'word51', 'word55']"
2019-11-21T15:12:10+09:00,"['word6', 'word26', 'word51', 'word55']"
2019-11-21T15:11:49+09:00,"['word47', 'word16']"
2019-11-21T15:01:03+09:00,"['word6', 'word40', 'word24', 'word60']"
2019-11-21T14:55:42+09:00,"['word47', 'word16']"
2019-11-21T14:55:35+09:00,"['word47', 'word14']"
2019-11-21T14:53:05+09:00,"['word47', 'word14']"
2019-11-21T14:52:41+09:00,"['word47', 'word14']"
2019-11-21T14:52:15+09:00,"['word47', 'word14']"
2019-11-21T14:49:27+09:00,"['word6', 'word62']"
2019-11-21T14:49:13+09:00,"['word6', 'word62']"
2019-11-21T14:44:47+09:00,"['word6', 'word62']"
2019-11-21T14:36:44+09:00,"['word6', 'word62']"
2019-11-21T14:36:28+09:00,"['word40', 'word60', 'word6']"
2019-11-21T14:35:18+09:00,"['word40', 'word60', 'word6']"
2019-11-21T14:34:36+09:00,"['word40', 'word60', 'word6']"
2019-11-21T14:34:26+09:00,"['word40', 'word60']"
2019-11-21T14:31:44+09:00,"['word47', 'word40', 'word63']"
2019-11-21T14:29:31+09:00,"['word47', 'word40', 'word64']"
2019-11-21T14:29:26+09:00,"['word47', 'word40', 'word65']"
2019-11-21T14:29:22+09:00,"['word47', 'word20', 'word9']"
2019-11-21T14:27:12+09:00,"['word47', 'word20', 'word9']"
2019-11-21T14:23:37+09:00,"['word47', 'word40', 'word65']"
2019-11-21T14:18:45+09:00,"['word33', 'word53', 'word26']"
2019-11-21T14:14:50+09:00,"['word33', 'word53', 'word26']"
2019-11-21T13:44:06+09:00,"['word33', 'word26', 'word20']"
2019-11-21T13:36:05+09:00,"['word47', 'word20', 'word9']"
2019-11-21T13:36:01+09:00,"['word47', 'word20', 'word9', 'word66']"
2019-11-21T13:29:36+09:00,"['word47', 'word20', 'word9', 'word66']"
2019-11-21T13:27:58+09:00,"['word47', 'word20', 'word9', 'word66']"
2019-11-21T13:27:42+09:00,"['word47', 'word20', 'word9']"
2019-11-21T13:27:35+09:00,"['word47', 'word20', 'word26', 'word9']"
2019-11-21T13:24:30+09:00,"['word47', 'word26', 'word67']"
2019-11-21T13:24:24+09:00,"['word47', 'word40']"
2019-11-21T13:01:13+09:00,"['word47', 'word20', 'word26', 'word9']"
2019-11-21T13:01:02+09:00,"['word47', 'word20', 'word26', 'word9']"
2019-11-21T12:59:47+09:00,"['word47', 'word53']"
2019-11-21T12:59:39+09:00,"['word47', 'word20', 'word26', 'word9']"
2019-11-18T18:48:08+09:00,"['word47', 'word20', 'word26', 'word9']"
2019-11-18T18:47:58+09:00,"['word47', 'word53']"
2019-11-18T18:47:07+09:00,"['word47', 'word53']"
2019-11-18T18:46:56+09:00,"['word47', 'word13']"
2019-11-18T17:46:26+09:00,"['word68', 'word69']"
2019-11-18T17:28:10+09:00,"['word70', 'word71']"
2019-11-18T17:27:56+09:00,"['word70', 'word71']"
2019-11-18T17:27:37+09:00,"['word70', 'word68', 'word15']"
2019-11-18T17:26:28+09:00,"['word70', 'word68', 'word15']"
2019-11-18T17:24:53+09:00,"['word70', 'word26', 'word72']"
2019-11-18T17:24:39+09:00,"['word70', 'word26', 'word72']"
2019-11-18T17:23:42+09:00,"['word70', 'word26', 'word72']"
2019-11-18T17:17:45+09:00,"['word70', 'word68', 'word73']"
2019-11-18T17:17:11+09:00,"['word70', 'word68', 'word73']"
2019-11-18T17:17:11+09:00,"['word70', 'word68', 'word73']"
2019-11-18T17:17:00+09:00,"['word70', 'word73', 'word74']"
2019-11-18T17:16:41+09:00,"['word70', 'word73', 'word74']"
2019-11-18T17:16:41+09:00,"['word70', 'word73', 'word74']"
2019-11-18T17:16:30+09:00,"['word70', 'word73', 'word74']"
2019-11-18T17:16:29+09:00,"['word70', 'word73', 'word74']"
2019-11-18T17:16:19+09:00,"['word70', 'word75', 'word68', 'word73']"
2019-11-18T17:15:36+09:00,"['word70', 'word75', 'word68', 'word73']"
2019-11-18T17:15:30+09:00,"['word70', 'word75', 'word68', 'word76']"
2019-11-18T17:05:19+09:00,"['word70', 'word75', 'word68', 'word76']"
2019-11-18T17:05:14+09:00,"['word75', 'word68', 'word76']"
2019-11-18T17:01:22+09:00,"['word75', 'word68', 'word15']"
2019-11-18T17:00:48+09:00,"['word75', 'word68', 'word15']"
2019-11-18T17:00:27+09:00,"['word75', 'word68', 'word77']"
2019-11-18T17:00:18+09:00,"['word75', 'word68', 'word15']"
2019-11-18T17:00:08+09:00,"['word75', 'word68', 'word78']"
2019-11-18T16:59:50+09:00,"['word75', 'word68', 'word78']"
2019-11-18T16:59:23+09:00,"['word75', 'word68', 'word15']"
2019-11-18T16:50:49+09:00,"['word75', 'word68', 'word15']"
2019-11-18T16:49:31+09:00,"['word75', 'word68', 'word15']"
2019-11-18T16:49:24+09:00,"['word70', 'word68', 'word15']"
2019-11-18T16:48:48+09:00,"['word70', 'word68', 'word15']"
2019-11-18T16:48:39+09:00,"['word70', 'word68', 'word79']"
2019-11-18T16:45:25+09:00,"['word70', 'word68', 'word79']"
2019-11-18T15:58:32+09:00,"['word70', 'word80', 'word81']"
2019-11-18T15:58:23+09:00,"['word70', 'word80', 'word78']"
2019-11-18T15:52:41+09:00,"['word82', 'word83']"
2019-11-18T15:20:10+09:00,"['word80', 'word84']"
2019-11-18T15:13:37+09:00,"['word85', 'word80']"
2019-11-18T14:32:26+09:00,"['word6', 'word86', 'word87']"
2019-11-18T14:32:10+09:00,"['word6', 'word86']"
2019-11-18T14:29:41+09:00,"['word6', 'word86']"
2019-11-18T14:26:09+09:00,"['word6', 'word88']"
2019-11-18T14:25:07+09:00,"['word89', 'word47']"
2019-11-18T14:24:31+09:00,"['word89', 'word90']"
2019-11-18T14:24:23+09:00,['word89']
2019-11-18T14:13:06+09:00,['word91']
2019-11-18T14:12:57+09:00,"['word92', 'word93', 'word94', 'word95', 'word96', 'word91']"
2019-11-18T14:12:50+09:00,"['word92', 'word93', 'word94', 'word95', 'word96']"
2019-11-18T14:12:30+09:00,"['word92', 'word93', 'word94', 'word95', 'word96']"
2019-11-18T13:54:33+09:00,"['word97', 'word98']"
2019-11-18T13:41:07+09:00,"['word99', 'word52']"
2019-11-18T13:40:49+09:00,"['word99', 'word52']"
2019-11-18T13:35:32+09:00,"['word99', 'word52']"
2019-11-18T13:32:11+09:00,"['word99', 'word52']"
2019-11-18T13:31:31+09:00,"['word33', 'word100', 'word99']"
2019-11-18T13:30:45+09:00,"['word33', 'word100', 'word99']"
2019-11-18T13:30:32+09:00,"['word33', 'word100', 'word99']"
2019-11-18T13:19:25+09:00,"['word101', 'word102']"
2019-11-18T13:18:45+09:00,"['word33', 'word102', 'word103']"
2019-11-18T13:07:15+09:00,"['word33', 'word102', 'word103']"
2019-11-18T12:48:24+09:00,"['word70', 'word82', 'word104']"
2019-11-18T12:47:19+09:00,"['word70', 'word105']"
2019-11-15T16:00:35+09:00,"['word33', 'word106', 'word27']"
2019-11-15T16:00:20+09:00,"['word33', 'word106', 'word27']"
2019-11-15T15:59:48+09:00,"['word33', 'word106', 'word27']"
2019-11-15T15:55:01+09:00,"['word33', 'word107', 'word108']"
2019-11-15T15:54:54+09:00,"['word33', 'word107', 'word109']"
2019-11-15T15:07:46+09:00,"['word33', 'word107', 'word109']"
2019-11-15T15:06:13+09:00,"['word33', 'word107', 'word109']"
2019-11-15T15:05:41+09:00,"['word33', 'word110']"
2019-11-15T15:01:40+09:00,"['word33', 'word110']"
2019-11-15T14:59:33+09:00,"['word33', 'word110']"
2019-11-15T14:55:56+09:00,"['word33', 'word110']"
2019-11-15T14:33:08+09:00,"['word33', 'word110']"
2019-11-15T14:25:07+09:00,"['word33', 'word110']"
2019-11-15T14:18:40+09:00,"['word101', 'word107', 'word76']"
2019-11-15T14:17:56+09:00,"['word101', 'word107', 'word76']"
2019-11-15T14:17:47+09:00,"['word33', 'word110']"
2019-11-15T14:17:01+09:00,"['word33', 'word110']"
2019-11-15T14:16:55+09:00,"['word33', 'word110', 'word111']"
2019-11-15T14:16:52+09:00,"['word33', 'word107', 'word76']"
2019-11-15T14:16:21+09:00,"['word33', 'word107', 'word76']"
2019-11-15T14:15:27+09:00,"['word33', 'word107', 'word76']"
2019-11-15T14:08:02+09:00,"['word33', 'word107', 'word76']"
2019-11-15T14:07:20+09:00,"['word33', 'word107', 'word76']"
2019-11-15T14:06:34+09:00,"['word33', 'word107', 'word76']"
2019-11-15T13:59:57+09:00,"['word33', 'word107', 'word76']"
2019-11-15T13:56:04+09:00,"['word33', 'word106']"
2019-11-15T13:48:26+09:00,"['word33', 'word106']"
2019-11-14T15:31:45+09:00,"['word47', 'word13']"
2019-11-14T15:31:37+09:00,"['word47', 'word80', 'word13']"
2019-11-14T15:31:17+09:00,"['word47', 'word80', 'word13']"
2019-11-14T15:31:09+09:00,"['word47', 'word80', 'word8']"
2019-11-14T15:24:52+09:00,"['word70', 'word82', 'word112']"
2019-11-14T15:24:29+09:00,"['word33', 'word106', 'word80']"
2019-11-14T15:24:24+09:00,"['word70', 'word82', 'word112']"
2019-11-14T15:07:34+09:00,"['word70', 'word82', 'word112']"
2019-11-14T15:07:10+09:00,"['word70', 'word82', 'word112']"
2019-11-14T15:06:54+09:00,"['word70', 'word82', 'word112']"
2019-11-14T15:06:47+09:00,"['word70', 'word82', 'word80']"
2019-11-14T15:01:34+09:00,"['word33', 'word106', 'word80']"
2019-11-14T15:00:25+09:00,"['word33', 'word106', 'word80']"
2019-11-14T14:48:46+09:00,"['word33', 'word106', 'word80']"
2019-11-14T14:48:29+09:00,"['word33', 'word113', 'word106', 'word80']"
2019-11-14T14:46:25+09:00,"['word33', 'word113', 'word106', 'word80']"
2019-11-14T14:45:49+09:00,"['word33', 'word113', 'word106', 'word80']"
2019-11-14T14:28:06+09:00,"['word33', 'word113', 'word106', 'word80']"
2019-11-14T14:27:50+09:00,"['word33', 'word113', 'word106', 'word80']"
2019-11-14T14:22:35+09:00,"['word70', 'word82', 'word80']"
2019-11-14T14:19:06+09:00,"['word70', 'word82', 'word80']"
2019-11-14T14:19:06+09:00,"['word70', 'word82', 'word80']"
2019-11-14T14:18:58+09:00,"['word70', 'word114', 'word115']"
2019-11-14T14:18:40+09:00,"['word70', 'word114', 'word115']"
2019-11-14T14:17:57+09:00,"['word47', 'word116', 'word80', 'word57']"
2019-11-14T13:22:53+09:00,"['word47', 'word116', 'word80', 'word57']"
2019-11-14T13:22:40+09:00,"['word47', 'word80', 'word8']"
2019-11-14T13:22:40+09:00,"['word47', 'word80', 'word8']"
2019-11-14T13:18:33+09:00,"['word47', 'word80', 'word8']"
2019-11-14T13:17:32+09:00,"['word47', 'word24', 'word117']"
2019-11-14T13:15:30+09:00,"['word47', 'word24', 'word117']"
2019-11-14T13:15:23+09:00,"['word47', 'word24', 'word45']"
2019-11-14T13:14:50+09:00,"['word47', 'word24', 'word45']"
2019-11-14T13:14:34+09:00,"['word47', 'word13']"
2019-11-14T12:45:47+09:00,"['word47', 'word13']"
2019-11-14T12:45:30+09:00,"['word47', 'word24', 'word8']"
2019-11-14T12:39:24+09:00,"['word47', 'word24', 'word8']"
2019-11-14T12:32:30+09:00,"['word47', 'word24', 'word8']"
2019-11-14T12:23:34+09:00,"['word47', 'word24', 'word8']"
2019-11-14T12:23:18+09:00,"['word47', 'word24', 'word8']"
2019-11-14T12:23:00+09:00,"['word47', 'word24', 'word8']"
2019-11-14T12:22:35+09:00,"['word47', 'word118', 'word8']"
2019-11-12T17:24:44+09:00,['word119']
2019-11-12T17:08:25+09:00,"['word0', 'word120', 'word121']"
2019-11-12T17:08:12+09:00,"['word0', 'word120', 'word121']"
2019-11-12T17:05:56+09:00,"['word0', 'word120', 'word121']"
2019-11-12T17:04:25+09:00,"['word33', 'word122']"
2019-11-12T17:04:13+09:00,"['word33', 'word122']"
2019-11-12T17:03:55+09:00,"['word122', 'word4', 'word123']"
2019-11-12T17:03:33+09:00,"['word122', 'word4', 'word57']"
2019-11-12T17:03:33+09:00,"['word122', 'word4', 'word57']"
2019-11-12T17:03:22+09:00,"['word122', 'word4']"
2019-11-12T17:03:03+09:00,"['word122', 'word4']"
2019-11-12T17:02:45+09:00,"['word47', 'word118', 'word8']"
2019-11-12T17:01:21+09:00,"['word47', 'word118', 'word8']"
2019-11-12T16:59:47+09:00,"['word47', 'word118', 'word8']"
2019-11-12T16:59:40+09:00,"['word47', 'word124', 'word8']"
2019-11-12T16:59:31+09:00,"['word47', 'word124', 'word26']"
2019-11-12T16:59:16+09:00,"['word47', 'word124', 'word8']"
2019-11-12T16:58:26+09:00,"['word47', 'word124', 'word8']"
2019-11-12T16:57:58+09:00,"['word47', 'word124', 'word8']"
2019-11-12T16:57:42+09:00,"['word47', 'word8']"
2019-11-12T16:30:33+09:00,"['word40', 'word20', 'word47']"
2019-11-12T16:30:20+09:00,"['word40', 'word20']"
2019-11-12T16:30:06+09:00,"['word40', 'word20']"
2019-11-12T16:29:05+09:00,"['word4', 'word43']"
2019-11-12T16:28:51+09:00,"['word4', 'word43']"
2019-11-12T16:10:19+09:00,"['word47', 'word12']"
2019-11-12T16:10:11+09:00,"['word47', 'word40', 'word4']"
2019-11-12T15:32:35+09:00,"['word47', 'word40', 'word4']"
2019-11-12T15:32:35+09:00,"['word47', 'word40', 'word4']"
2019-11-12T15:32:12+09:00,"['word47', 'word40', 'word65']"
2019-11-12T15:31:56+09:00,"['word47', 'word40', 'word65']"
2019-11-12T15:31:10+09:00,"['word47', 'word4', 'word8', 'word124']"
2019-11-12T15:26:25+09:00,"['word47', 'word4', 'word8', 'word124']"
2019-11-12T15:26:02+09:00,"['word47', 'word4', 'word8', 'word124']"
2019-11-12T15:25:39+09:00,"['word47', 'word4', 'word8']"
2019-11-12T15:25:35+09:00,"['word47', 'word4', 'word125', 'word126']"
2019-11-12T15:25:22+09:00,"['word47', 'word40', 'word8']"
2019-11-12T15:09:14+09:00,"['word47', 'word4', 'word125', 'word126']"
2019-11-12T15:03:58+09:00,"['word47', 'word4', 'word125', 'word126']"
2019-11-12T14:51:49+09:00,"['word47', 'word4', 'word125', 'word126']"
2019-11-12T14:51:21+09:00,"['word47', 'word40', 'word4', 'word57']"
2019-11-12T14:47:20+09:00,"['word47', 'word40', 'word4', 'word57']"
2019-11-12T14:47:10+09:00,"['word47', 'word40', 'word8']"
2019-11-12T14:44:55+09:00,"['word47', 'word40', 'word8']"
2019-11-12T14:44:43+09:00,"['word47', 'word4', 'word8']"
2019-11-12T14:44:22+09:00,"['word47', 'word4', 'word8']"
2019-11-12T14:44:21+09:00,"['word47', 'word4', 'word8']"
2019-11-12T14:44:11+09:00,"['word47', 'word4', 'word43']"
2019-11-12T14:17:27+09:00,"['word47', 'word4', 'word43']"
2019-11-12T14:17:00+09:00,"['word47', 'word8', 'word55']"
2019-11-12T14:11:51+09:00,"['word47', 'word8', 'word55']"
2019-11-12T14:11:32+09:00,"['word47', 'word4', 'word8', 'word127']"
2019-11-12T13:03:19+09:00,"['word47', 'word4', 'word8', 'word127']"
2019-11-12T13:02:57+09:00,"['word47', 'word4', 'word128', 'word72']"
2019-11-12T12:54:12+09:00,"['word47', 'word4', 'word128', 'word72']"
2019-11-12T12:53:11+09:00,"['word47', 'word4', 'word128', 'word72']"
2019-11-12T12:52:11+09:00,"['word47', 'word4', 'word128', 'word72']"
2019-11-12T12:49:45+09:00,"['word47', 'word4', 'word128', 'word72']"
2019-11-12T12:49:37+09:00,"['word47', 'word4', 'word128']"
2019-11-12T12:45:47+09:00,"['word33', 'word129']"
2019-11-12T12:45:11+09:00,"['word33', 'word129']"
2019-11-12T12:45:05+09:00,"['word33', 'word107', 'word108']"
2019-11-12T12:44:38+09:00,"['word33', 'word107', 'word108']"
2019-11-12T12:44:33+09:00,"['word33', 'word4', 'word130']"
2019-11-12T12:44:12+09:00,"['word33', 'word4', 'word130']"
2019-11-12T12:42:16+09:00,"['word33', 'word4', 'word130']"
2019-11-12T12:41:57+09:00,"['word33', 'word4', 'word66']"
2019-11-12T12:41:25+09:00,"['word33', 'word4', 'word66']"
2019-11-12T12:36:42+09:00,"['word33', 'word4', 'word66']"
2019-11-12T12:35:57+09:00,"['word33', 'word4', 'word66']"
2019-11-12T12:34:36+09:00,"['word33', 'word4', 'word66']"
2019-11-12T12:34:05+09:00,"['word33', 'word4', 'word66']"
2019-11-12T12:33:40+09:00,"['word33', 'word4', 'word66']"
2019-11-12T12:25:40+09:00,"['word33', 'word4', 'word66']"
2019-11-12T12:23:19+09:00,"['word33', 'word4', 'word66']"
2019-11-12T12:22:08+09:00,"['word33', 'word4', 'word66']"
2019-11-12T12:17:35+09:00,"['word47', 'word131']"
2019-11-12T12:17:21+09:00,"['word47', 'word132', 'word133']"
2019-11-12T12:17:07+09:00,"['word47', 'word131']"
2019-11-12T12:17:00+09:00,"['word47', 'word131']"
2019-11-12T12:16:54+09:00,"['word47', 'word26']"
2019-11-12T12:06:55+09:00,"['word47', 'word4', 'word128']"
2019-11-12T12:06:38+09:00,"['word47', 'word26']"
2019-11-12T12:03:43+09:00,['word0']
2019-11-08T18:20:21+09:00,"['word119', 'word134', 'word135']"
2019-11-08T18:19:11+09:00,"['word33', 'word136', 'word104']"
2019-11-08T18:05:52+09:00,"['word47', 'word80', 'word137', 'word138']"
2019-11-08T18:04:28+09:00,"['word47', 'word80', 'word137', 'word138']"
2019-11-08T18:04:01+09:00,"['word47', 'word80', 'word138', 'word139']"
2019-11-08T18:03:37+09:00,"['word47', 'word80', 'word138', 'word139']"
2019-11-08T18:02:40+09:00,"['word47', 'word80', 'word138', 'word131']"
2019-11-08T18:02:28+09:00,"['word47', 'word80', 'word138', 'word131']"
2019-11-08T18:02:23+09:00,"['word47', 'word80', 'word138']"
2019-11-08T18:02:06+09:00,"['word47', 'word80', 'word106']"
2019-11-08T17:55:06+09:00,"['word47', 'word80', 'word106']"
2019-11-08T17:42:52+09:00,"['word47', 'word80', 'word106']"
2019-11-08T17:42:38+09:00,"['word47', 'word80', 'word106']"
2019-11-08T17:33:10+09:00,"['word47', 'word80', 'word106']"
2019-11-08T17:33:05+09:00,['word47']
2019-11-08T17:32:34+09:00,"['word140', 'word106']"
2019-11-08T17:32:06+09:00,"['word140', 'word14']"
2019-11-08T17:31:32+09:00,"['word140', 'word14', 'word106']"
2019-11-08T17:31:24+09:00,"['word140', 'word14']"
2019-11-08T17:31:11+09:00,"['word80', 'word106', 'word47', 'word77']"
2019-11-08T17:26:37+09:00,"['word33', 'word122', 'word104']"
2019-11-08T17:21:09+09:00,"['word80', 'word106', 'word47', 'word77']"
2019-11-08T17:20:57+09:00,"['word80', 'word106', 'word47']"
2019-11-08T17:20:44+09:00,"['word80', 'word106']"
2019-11-08T17:19:59+09:00,"['word80', 'word106']"
2019-11-08T17:15:42+09:00,"['word122', 'word141']"
2019-11-08T17:15:29+09:00,['word122']
2019-11-08T17:15:22+09:00,"['word47', 'word122', 'word142']"
2019-11-08T17:02:07+09:00,"['word33', 'word122', 'word143']"
2019-11-08T17:00:16+09:00,"['word33', 'word122', 'word143']"
2019-11-08T16:59:54+09:00,"['word33', 'word122', 'word143']"
2019-11-08T16:58:57+09:00,"['word33', 'word122', 'word143']"
2019-11-08T16:58:45+09:00,"['word47', 'word122', 'word142']"
2019-11-08T16:57:32+09:00,"['word47', 'word122', 'word142']"
2019-11-08T16:57:22+09:00,"['word144', 'word122', 'word142']"
2019-11-08T16:57:14+09:00,"['word122', 'word142']"
2019-11-08T16:57:07+09:00,"['word122', 'word142']"
2019-11-08T16:57:02+09:00,['word122']
2019-11-08T16:56:11+09:00,['word122']
2019-11-08T16:56:08+09:00,"['word122', 'word104']"
2019-11-08T16:55:49+09:00,['word122']
2019-11-08T16:55:20+09:00,"['word145', 'word146']"
2019-11-08T16:54:46+09:00,"['word145', 'word146']"
2019-11-08T16:51:00+09:00,"['word47', 'word147', 'word148']"
2019-11-08T16:50:17+09:00,"['word47', 'word147', 'word148']"
2019-11-08T16:45:22+09:00,"['word149', 'word150']"
2019-11-08T16:43:45+09:00,"['word149', 'word150']"
2019-11-08T16:43:42+09:00,['word149']
2019-11-08T16:37:56+09:00,"['word151', 'word152', 'word153', 'word154', 'word155']"
2019-11-08T16:37:39+09:00,"['word151', 'word152', 'word153', 'word154', 'word155']"
2019-11-08T16:37:27+09:00,"['word151', 'word152', 'word153', 'word154']"
2019-11-08T16:36:55+09:00,"['word151', 'word152', 'word153', 'word154']"
2019-11-08T16:36:48+09:00,"['word151', 'word152', 'word153']"
2019-11-08T16:36:35+09:00,['word151']
2019-11-08T15:26:01+09:00,"['word47', 'word147', 'word148']"
2019-11-08T11:49:09+09:00,"['word156', 'word157']"
2019-11-08T11:47:44+09:00,"['word156', 'word157']"
2019-11-07T16:25:52+09:00,['word91']
2019-11-07T16:24:33+09:00,"['word158', 'word159', 'word160']"
2019-11-07T16:24:28+09:00,"['word158', 'word159', 'word160']"
2019-11-07T16:23:41+09:00,"['word158', 'word159', 'word160']"
2019-11-07T16:23:27+09:00,"['word158', 'word161', 'word162']"
2019-11-07T16:20:15+09:00,"['word163', 'word164', 'word165']"
2019-11-07T16:19:26+09:00,"['word163', 'word164', 'word166']"
2019-11-07T16:09:23+09:00,"['word158', 'word161', 'word162']"
2019-11-07T16:09:13+09:00,"['word158', 'word161', 'word162']"
2019-11-07T16:09:13+09:00,"['word158', 'word161', 'word162']"
2019-11-07T16:09:07+09:00,"['word158', 'word161', 'word162']"
2019-11-07T16:09:02+09:00,"['word158', 'word161', 'word162']"
2019-11-07T16:08:52+09:00,"['word158', 'word161', 'word167']"
2019-11-07T16:08:42+09:00,"['word158', 'word161', 'word168']"
2019-11-07T16:08:32+09:00,"['word158', 'word161', 'word160']"
2019-11-07T16:08:28+09:00,"['word158', 'word161']"
2019-11-07T15:57:57+09:00,"['word37', 'word169']"
2019-11-07T11:25:44+09:00,"['word170', 'word171', 'word172', 'word173', 'word174', 'word175', 'word176']"
2019-11-06T17:51:17+09:00,"['word37', 'word35']"
2019-11-06T17:43:45+09:00,['word177']
2019-11-06T17:43:42+09:00,['word177']
2019-11-06T16:27:01+09:00,['word177']
2019-11-06T16:23:57+09:00,"['word177', 'word178']"
2019-11-06T16:23:52+09:00,['word177']
2019-11-06T16:19:45+09:00,"['word179', 'word180']"
2019-11-06T16:19:43+09:00,"['word179', 'word180']"
2019-11-06T16:19:34+09:00,"['word179', 'word180']"
2019-11-06T16:19:32+09:00,"['word179', 'word180']"
2019-11-06T16:18:34+09:00,"['word179', 'word180']"
2019-11-06T16:18:31+09:00,"['word179', 'word180']"
2019-11-06T16:18:20+09:00,"['word179', 'word180']"
2019-11-06T16:18:18+09:00,"['word179', 'word180']"
2019-11-06T16:18:13+09:00,"['word179', 'word180']"
2019-11-06T16:17:42+09:00,"['word181', 'word182']"
2019-11-06T16:16:32+09:00,"['word181', 'word180']"
2019-11-06T16:16:21+09:00,"['word181', 'word180']"
2019-11-06T16:16:15+09:00,"['word181', 'word180']"
2019-11-06T16:16:06+09:00,"['word181', 'word183']"
2019-11-06T16:15:34+09:00,"['word179', 'word180']"
2019-11-06T16:15:27+09:00,['word179']
2019-11-06T16:15:25+09:00,['word179']
2019-11-06T16:14:57+09:00,"['word181', 'word160']"
2019-11-06T16:14:41+09:00,"['word181', 'word160']"
2019-11-06T16:14:01+09:00,"['word181', 'word160']"
2019-11-06T16:13:52+09:00,"['word184', 'word185', 'word160']"
2019-11-06T16:13:13+09:00,"['word184', 'word185', 'word160']"
2019-11-06T15:27:17+09:00,"['word186', 'word187', 'word188']"
2019-11-06T15:26:00+09:00,"['word189', 'word190', 'word191']"
2019-11-06T15:24:06+09:00,"['word192', 'word193', 'word194', 'word195']"
2019-11-06T15:23:39+09:00,"['word192', 'word193', 'word194', 'word195']"
2019-11-06T15:23:27+09:00,"['word192', 'word193', 'word194']"
2019-11-06T15:22:58+09:00,"['word192', 'word193', 'word194']"
2019-11-06T15:22:29+09:00,"['word196', 'word197', 'word198']"
2019-11-06T15:21:23+09:00,"['word196', 'word197', 'word198']"
2019-11-06T15:18:14+09:00,"['word189', 'word190', 'word199']"
2019-11-06T15:17:29+09:00,"['word189', 'word190', 'word199']"
2019-11-06T15:17:12+09:00,"['word189', 'word190', 'word191']"
2019-11-06T15:16:52+09:00,"['word189', 'word190', 'word191']"
2019-11-06T15:16:17+09:00,"['word189', 'word190', 'word191']"
2019-11-06T15:16:04+09:00,"['word189', 'word190']"
2019-11-06T15:15:30+09:00,"['word200', 'word186']"
2019-11-06T15:14:36+09:00,"['word200', 'word186']"
2019-11-06T15:14:18+09:00,"['word200', 'word186']"
2019-11-06T15:14:15+09:00,['word200']
2019-11-06T15:06:37+09:00,"['word201', 'word202']"
2019-11-06T14:58:20+09:00,['word200']
2019-11-06T14:57:51+09:00,['word203']
2019-11-06T14:55:43+09:00,"['word186', 'word200', 'word188']"
2019-11-06T14:37:42+09:00,"['word186', 'word200', 'word188']"
2019-11-06T14:37:27+09:00,"['word186', 'word200', 'word188']"
2019-11-06T14:33:01+09:00,"['word186', 'word200', 'word188']"
2019-11-06T14:33:00+09:00,"['word186', 'word200', 'word188']"
2019-11-06T14:27:42+09:00,"['word186', 'word200', 'word204']"
2019-11-06T14:27:30+09:00,"['word186', 'word200', 'word204']"
2019-11-06T14:27:19+09:00,"['word186', 'word200', 'word188']"
2019-11-06T14:27:04+09:00,"['word186', 'word200', 'word188']"
2019-11-06T14:27:03+09:00,"['word186', 'word200', 'word188']"
2019-11-06T14:26:52+09:00,"['word186', 'word200']"
2019-11-06T14:19:56+09:00,"['word186', 'word200']"
2019-11-06T14:07:26+09:00,['word201']
2019-11-06T14:07:14+09:00,['word201']
2019-11-06T14:07:10+09:00,"['word205', 'word201']"
2019-11-06T14:06:53+09:00,"['word205', 'word201']"
2019-11-06T14:03:42+09:00,"['word181', 'word107']"
2019-11-06T14:03:07+09:00,"['word181', 'word160']"
2019-11-06T12:38:19+09:00,"['word206', 'word207']"
2019-11-06T12:38:13+09:00,"['word206', 'word207']"
2019-11-06T12:38:10+09:00,"['word206', 'word207']"
2019-11-06T12:37:46+09:00,"['word206', 'word207']"
2019-11-06T12:37:40+09:00,"['word206', 'word207']"
2019-11-06T12:37:34+09:00,"['word206', 'word207']"
2019-11-06T12:37:08+09:00,"['word206', 'word207']"
2019-11-06T12:35:34+09:00,"['word183', 'word208', 'word209']"
2019-11-06T12:35:31+09:00,"['word183', 'word208', 'word209']"
2019-11-06T12:35:28+09:00,"['word183', 'word208', 'word209']"
2019-11-06T12:35:25+09:00,"['word183', 'word208', 'word209']"
2019-11-06T12:35:22+09:00,"['word183', 'word208', 'word209']"
2019-11-06T12:35:14+09:00,"['word183', 'word208', 'word209']"
2019-11-06T12:35:07+09:00,"['word183', 'word208', 'word209']"
2019-11-06T12:32:25+09:00,"['word210', 'word211', 'word183']"
2019-11-06T12:32:22+09:00,"['word210', 'word211', 'word183']"
2019-11-06T12:32:21+09:00,"['word210', 'word211', 'word183']"
2019-11-06T12:32:19+09:00,"['word210', 'word211', 'word183']"
2019-11-06T12:32:02+09:00,"['word212', 'word213']"
2019-11-06T12:31:55+09:00,"['word212', 'word213']"
2019-11-06T12:31:52+09:00,"['word212', 'word213']"
2019-11-06T12:31:51+09:00,"['word212', 'word213']"
2019-11-06T12:31:48+09:00,"['word212', 'word213']"
2019-11-06T12:30:51+09:00,"['word212', 'word213']"
2019-11-06T12:30:47+09:00,"['word212', 'word213']"
2019-11-06T12:30:30+09:00,"['word212', 'word213']"
2019-11-06T12:29:20+09:00,"['word212', 'word213']"
2019-11-06T12:29:12+09:00,"['word212', 'word213']"
2019-11-06T12:28:29+09:00,"['word212', 'word213']"
2019-11-06T12:27:58+09:00,['word212']
2019-11-06T12:27:56+09:00,['word212']
2019-11-06T12:27:42+09:00,['word212']
2019-11-06T12:27:38+09:00,['word212']
2019-11-06T12:27:09+09:00,"['word210', 'word211', 'word183']"
2019-11-06T12:26:04+09:00,"['word206', 'word214', 'word209']"
2019-11-06T12:26:00+09:00,"['word206', 'word214', 'word209']"
2019-11-06T12:25:07+09:00,"['word206', 'word214', 'word209']"
2019-11-06T12:25:05+09:00,"['word206', 'word214', 'word209']"
2019-11-06T12:24:58+09:00,"['word206', 'word214', 'word209']"
2019-11-06T12:24:55+09:00,"['word206', 'word214', 'word209']"
2019-11-06T12:24:53+09:00,"['word206', 'word214', 'word209']"
2019-11-06T12:24:49+09:00,"['word206', 'word214', 'word209']"
2019-11-06T12:24:48+09:00,"['word206', 'word214', 'word209']"
2019-11-06T12:24:39+09:00,"['word206', 'word214', 'word209']"
2019-11-06T12:24:29+09:00,"['word206', 'word214', 'word209']"
2019-11-06T12:22:29+09:00,"['word181', 'word183']"
2019-11-06T12:22:25+09:00,"['word181', 'word183']"
2019-11-06T12:21:44+09:00,"['word181', 'word183']"
2019-11-06T12:21:39+09:00,"['word181', 'word183']"
2019-11-06T12:21:36+09:00,"['word181', 'word183']"
2019-11-06T12:21:33+09:00,"['word181', 'word183']"
2019-11-06T12:21:30+09:00,"['word181', 'word183']"
2019-11-06T12:21:11+09:00,"['word181', 'word215']"
2019-11-06T12:20:50+09:00,['word181']
2019-11-06T12:20:49+09:00,['word181']
2019-11-06T12:12:28+09:00,['word203']
2019-11-06T12:02:37+09:00,"['word184', 'word208', 'word209']"
2019-11-06T12:02:30+09:00,"['word184', 'word208', 'word209']"
2019-11-06T12:02:21+09:00,"['word184', 'word208', 'word209']"
2019-11-06T12:02:18+09:00,"['word184', 'word208', 'word209']"
2019-11-06T12:02:15+09:00,"['word184', 'word208', 'word209']"
2019-11-06T12:02:04+09:00,"['word206', 'word208', 'word209']"
2019-11-06T12:01:52+09:00,"['word216', 'word208', 'word209']"
2019-11-06T12:01:51+09:00,"['word216', 'word208', 'word209']"
2019-11-06T12:01:42+09:00,"['word216', 'word208', 'word209']"
2019-11-06T12:01:38+09:00,"['word216', 'word208', 'word209']"
2019-11-06T12:01:34+09:00,"['word216', 'word208', 'word209']"
2019-11-06T12:01:32+09:00,"['word216', 'word208', 'word209']"
2019-11-06T12:01:27+09:00,"['word216', 'word208', 'word209']"
2019-11-06T12:01:17+09:00,"['word216', 'word208', 'word217']"
2019-11-06T12:00:58+09:00,"['word216', 'word208', 'word217']"
2019-11-06T12:00:49+09:00,"['word216', 'word208']"
2019-11-06T12:00:45+09:00,"['word216', 'word208']"
2019-11-06T12:00:40+09:00,"['word216', 'word208']"
2019-11-06T12:00:23+09:00,"['word216', 'word208']"
2019-11-06T11:59:58+09:00,"['word216', 'word218', 'word219']"
2019-11-06T11:59:53+09:00,"['word216', 'word218', 'word219']"
2019-11-06T11:59:49+09:00,"['word216', 'word218', 'word219']"
2019-11-06T11:59:40+09:00,"['word216', 'word218', 'word219']"
2019-11-06T11:59:38+09:00,"['word216', 'word218', 'word219']"
2019-11-06T11:59:33+09:00,"['word216', 'word218', 'word219']"
2019-11-06T11:59:26+09:00,"['word216', 'word218', 'word219']"
2019-11-06T11:59:22+09:00,"['word216', 'word218', 'word219']"
2019-11-06T11:59:17+09:00,"['word216', 'word218', 'word219']"
2019-11-06T11:59:12+09:00,"['word216', 'word218', 'word219']"
2019-11-06T11:59:08+09:00,"['word216', 'word218', 'word219']"
2019-11-06T11:59:04+09:00,"['word216', 'word218', 'word219']"
2019-11-06T11:58:54+09:00,"['word216', 'word218', 'word219']"
2019-11-06T11:58:13+09:00,"['word210', 'word211', 'word183']"
2019-11-06T11:58:09+09:00,"['word210', 'word211', 'word183']"
2019-11-06T11:57:53+09:00,"['word210', 'word211', 'word183']"
2019-11-06T11:57:39+09:00,"['word210', 'word211', 'word183']"
2019-11-06T11:53:25+09:00,"['word210', 'word211', 'word183']"
2019-11-06T11:53:06+09:00,"['word210', 'word211', 'word183']"
2019-11-06T11:53:01+09:00,"['word210', 'word211', 'word183']"
2019-11-06T11:52:59+09:00,"['word210', 'word211', 'word183']"
2019-11-06T11:51:57+09:00,"['word214', 'word183']"
2019-11-06T11:51:55+09:00,"['word214', 'word183']"
2019-11-06T11:51:52+09:00,"['word214', 'word183']"
2019-11-06T11:51:45+09:00,"['word214', 'word183']"
2019-11-06T11:51:34+09:00,"['word214', 'word183']"
2019-11-06T11:11:59+09:00,"['word170', 'word171', 'word172', 'word173', 'word174', 'word175', 'word176']"
2019-11-05T15:53:09+09:00,"['word220', 'word221']"
2019-11-05T15:52:55+09:00,"['word220', 'word221']"
2019-11-05T15:24:10+09:00,"['word222', 'word223']"
2019-11-05T15:23:56+09:00,"['word214', 'word223']"
2019-11-05T15:23:53+09:00,"['word214', 'word223']"
2019-11-05T15:23:46+09:00,"['word214', 'word183']"
2019-11-05T14:59:15+09:00,"['word224', 'word185']"
2019-11-05T14:54:11+09:00,"['word224', 'word225']"
2019-11-05T14:53:12+09:00,['word224']
2019-11-05T14:50:21+09:00,['word226']
2019-11-05T14:22:53+09:00,"['word214', 'word223']"
2019-11-05T12:35:30+09:00,"['word37', 'word35']"
2019-11-05T12:28:58+09:00,"['word214', 'word223']"
2019-11-05T12:28:29+09:00,"['word214', 'word223']"
2019-11-05T12:28:17+09:00,"['word214', 'word223']"
2019-11-05T12:27:53+09:00,"['word214', 'word223']"
2019-11-05T12:27:45+09:00,"['word214', 'word223']"
2019-11-05T12:27:39+09:00,['word214']
2019-11-05T12:25:41+09:00,"['word222', 'word223']"
2019-11-05T12:25:34+09:00,['word222']
2019-11-05T12:25:22+09:00,['word214']
2019-11-05T12:24:41+09:00,['word214']
2019-11-05T12:24:28+09:00,"['word214', 'word183']"
2019-11-05T12:24:25+09:00,"['word214', 'word183']"
2019-11-05T12:23:36+09:00,"['word214', 'word183']"
2019-11-05T12:23:34+09:00,"['word214', 'word183']"
2019-11-05T12:23:33+09:00,"['word214', 'word183']"
2019-11-05T12:23:31+09:00,"['word214', 'word183']"
2019-11-05T12:23:02+09:00,"['word214', 'word183']"
2019-11-05T12:22:49+09:00,"['word214', 'word183']"
2019-11-05T12:22:37+09:00,"['word214', 'word183']"
2019-11-05T12:22:34+09:00,"['word214', 'word183']"
2019-11-05T12:22:25+09:00,"['word214', 'word183']"
2019-11-05T12:22:10+09:00,"['word214', 'word183']"
2019-11-05T12:21:25+09:00,"['word214', 'word183']"
2019-11-05T12:14:16+09:00,"['word170', 'word171', 'word172', 'word173', 'word174', 'word175', 'word176']"
2019-11-05T12:12:03+09:00,"['word170', 'word171', 'word172', 'word173', 'word174', 'word175', 'word176']"
2019-11-05T11:45:53+09:00,"['word70', 'word68', 'word79']"
2019-11-05T11:45:34+09:00,"['word33', 'word114', 'word115']"
2019-11-05T11:44:48+09:00,"['word33', 'word114', 'word115']"
2019-11-05T11:44:23+09:00,"['word70', 'word68', 'word79']"
2019-11-01T17:17:41+09:00,['word227']
2019-11-01T16:16:57+09:00,"['word186', 'word228', 'word229']"
2019-11-01T16:12:53+09:00,"['word186', 'word229']"
2019-11-01T16:12:09+09:00,"['word186', 'word229']"
2019-11-01T16:12:00+09:00,"['word186', 'word228', 'word229']"
2019-11-01T15:56:42+09:00,"['word186', 'word228', 'word229']"
2019-11-01T15:54:46+09:00,"['word186', 'word188', 'word230', 'word121']"
2019-11-01T15:48:56+09:00,"['word186', 'word231', 'word232']"
2019-11-01T15:48:36+09:00,"['word186', 'word231', 'word232']"
2019-11-01T15:44:25+09:00,"['word186', 'word231', 'word232']"
2019-11-01T15:43:43+09:00,"['word186', 'word231', 'word232']"
2019-11-01T15:43:15+09:00,"['word186', 'word231', 'word232']"
2019-11-01T15:42:53+09:00,"['word186', 'word231', 'word232']"
2019-11-01T15:42:37+09:00,"['word186', 'word228', 'word229']"
2019-11-01T15:29:45+09:00,['word233']
2019-11-01T15:29:30+09:00,['word234']
2019-11-01T15:25:22+09:00,['word235']
2019-11-01T11:33:37+09:00,"['word122', 'word104']"
2019-11-01T11:19:39+09:00,"['word47', 'word122']"
2019-11-01T11:17:34+09:00,"['word47', 'word145']"
2019-11-01T11:17:29+09:00,"['word47', 'word145']"
2019-11-01T11:17:27+09:00,"['word47', 'word145', 'word142']"
2019-11-01T11:17:18+09:00,"['word47', 'word236']"
2019-11-01T11:16:31+09:00,"['word47', 'word236']"
2019-11-01T11:16:01+09:00,"['word47', 'word145', 'word142']"
2019-11-01T10:33:42+09:00,"['word170', 'word171', 'word172', 'word173', 'word174', 'word175', 'word176', 'word237']"
2019-11-01T10:29:53+09:00,['word203']
2019-11-01T10:24:12+09:00,['word238']
2019-10-30T18:37:46+09:00,"['word47', 'word145', 'word142']"
2019-10-30T17:34:47+09:00,"['word47', 'word145', 'word142']"
2019-10-30T17:34:44+09:00,"['word47', 'word145', 'word142', 'word239']"
2019-10-30T17:34:26+09:00,"['word47', 'word240']"
2019-10-30T17:30:46+09:00,"['word47', 'word240']"
2019-10-30T17:29:41+09:00,"['word47', 'word240']"
2019-10-30T17:29:27+09:00,"['word47', 'word240']"
2019-10-30T17:29:16+09:00,['word145']
2019-10-30T17:21:55+09:00,['word145']
2019-10-30T17:21:27+09:00,['word145']
2019-10-30T17:21:05+09:00,['word145']
2019-10-30T17:16:11+09:00,['word145']
2019-10-30T17:15:49+09:00,"['word47', 'word240']"
2019-10-30T17:12:14+09:00,"['word47', 'word240']"
2019-10-30T17:12:07+09:00,"['word47', 'word145', 'word142']"
2019-10-30T16:51:14+09:00,"['word241', 'word242']"
2019-10-30T16:51:13+09:00,"['word241', 'word242']"
2019-10-29T15:00:12+09:00,"['word210', 'word211', 'word184']"
2019-10-29T15:00:10+09:00,"['word210', 'word211', 'word184']"
2019-10-29T15:00:00+09:00,"['word210', 'word211', 'word184']"
2019-10-29T14:59:56+09:00,"['word210', 'word211', 'word184']"
2019-10-29T14:59:54+09:00,"['word210', 'word211', 'word184']"
2019-10-29T14:10:29+09:00,['word243']
2019-10-29T14:00:52+09:00,['word243']
2019-10-29T13:53:42+09:00,['word244']
2019-10-29T13:38:10+09:00,"['word245', 'word246', 'word247']"
2019-10-29T13:37:58+09:00,"['word245', 'word246', 'word247']"
2019-10-29T13:37:52+09:00,['word245']
2019-10-29T13:29:32+09:00,"['word210', 'word211', 'word184']"
2019-10-29T13:29:24+09:00,"['word210', 'word211', 'word184']"
2019-10-29T13:29:20+09:00,"['word210', 'word211', 'word184']"
2019-10-29T13:28:45+09:00,"['word210', 'word211', 'word184']"
2019-10-29T13:28:35+09:00,"['word210', 'word211', 'word184']"
2019-10-29T13:28:33+09:00,"['word210', 'word211', 'word184']"
2019-10-29T13:28:31+09:00,"['word210', 'word211', 'word184']"
2019-10-29T13:28:26+09:00,"['word210', 'word211', 'word184']"
2019-10-29T13:28:24+09:00,"['word210', 'word211', 'word184']"
2019-10-29T13:28:03+09:00,"['word210', 'word211', 'word184']"
2019-10-29T13:27:55+09:00,"['word210', 'word248', 'word184']"
2019-10-29T13:27:21+09:00,"['word249', 'word184']"
2019-10-29T13:27:19+09:00,"['word249', 'word184']"
2019-10-29T13:15:11+09:00,"['word214', 'word184']"
2019-10-29T13:13:39+09:00,['word250']
2019-10-29T13:13:22+09:00,['word250']
2019-10-29T13:13:18+09:00,"['word250', 'word251']"
2019-10-29T13:01:22+09:00,"['word250', 'word251']"
2019-10-29T12:58:52+09:00,"['word250', 'word251']"
2019-10-29T12:47:44+09:00,"['word250', 'word251']"
2019-10-29T12:47:09+09:00,"['word250', 'word251']"
2019-10-29T12:46:56+09:00,['word250']
2019-10-29T12:39:09+09:00,"['word47', 'word145', 'word142', 'word239']"
2019-10-29T12:39:08+09:00,"['word47', 'word145', 'word142', 'word239']"
2019-10-29T12:38:52+09:00,"['word47', 'word145', 'word142', 'word239']"
2019-10-29T12:38:44+09:00,"['word47', 'word145', 'word142']"
2019-10-29T12:35:23+09:00,"['word47', 'word145', 'word142']"
2019-10-29T12:35:07+09:00,"['word47', 'word145', 'word142']"
2019-10-29T12:34:52+09:00,"['word47', 'word145', 'word252', 'word253']"
2019-10-29T12:34:39+09:00,"['word145', 'word47', 'word77']"
2019-10-29T12:34:16+09:00,"['word145', 'word47', 'word77']"
2019-10-29T12:34:08+09:00,"['word145', 'word47']"
2019-10-29T12:33:47+09:00,"['word145', 'word47']"
2019-10-29T12:31:09+09:00,"['word145', 'word74']"
2019-10-29T12:30:41+09:00,['word145']
2019-10-29T12:27:03+09:00,['word250']
2019-10-29T12:25:31+09:00,['word250']
2019-10-29T12:23:44+09:00,['word250']
2019-10-29T12:23:40+09:00,"['word254', 'word250']"
2019-10-29T12:23:22+09:00,"['word254', 'word250']"
2019-10-29T12:18:33+09:00,"['word254', 'word250']"
2019-10-29T12:04:51+09:00,"['word254', 'word250']"
2019-10-29T12:03:43+09:00,"['word254', 'word250']"
2019-10-29T11:49:42+09:00,"['word254', 'word255', 'word232']"
2019-10-29T11:49:37+09:00,"['word254', 'word255']"
2019-10-29T11:49:20+09:00,"['word254', 'word255']"
2019-10-29T11:49:03+09:00,"['word254', 'word256', 'word257']"
2019-10-29T11:45:41+09:00,"['word254', 'word256', 'word257']"
2019-10-29T11:45:34+09:00,"['word254', 'word250']"
2019-10-29T11:38:44+09:00,"['word254', 'word250']"
2019-10-29T11:38:15+09:00,"['word254', 'word250']"
2019-10-29T11:20:06+09:00,"['word254', 'word250']"
2019-10-29T11:07:27+09:00,"['word254', 'word250']"
2019-10-25T18:31:37+09:00,['word258']
2019-10-25T18:31:32+09:00,['word259']
2019-10-25T17:07:34+09:00,"['word260', 'word261']"
2019-10-25T17:07:25+09:00,['word260']
2019-10-25T17:07:17+09:00,"['word0', 'word262']"
2019-10-25T16:52:14+09:00,"['word0', 'word262']"
2019-10-25T16:50:08+09:00,"['word0', 'word262']"
2019-10-25T16:40:42+09:00,"['word263', 'word264']"
2019-10-25T16:37:52+09:00,"['word263', 'word264']"
2019-10-25T16:37:48+09:00,"['word95', 'word265', 'word47', 'word67']"
2019-10-25T16:36:41+09:00,"['word95', 'word265', 'word47', 'word67']"
2019-10-25T16:36:41+09:00,"['word95', 'word265', 'word47', 'word67']"
2019-10-25T16:36:30+09:00,"['word95', 'word265', 'word47']"
2019-10-25T16:33:44+09:00,"['word95', 'word265', 'word47']"
2019-10-25T16:33:43+09:00,"['word95', 'word265', 'word47']"
2019-10-25T16:33:38+09:00,"['word95', 'word265', 'word70']"
2019-10-25T16:33:33+09:00,"['word95', 'word265']"
2019-10-25T16:29:37+09:00,"['word33', 'word266', 'word267']"
2019-10-25T16:07:33+09:00,"['word33', 'word266', 'word267']"
2019-10-25T16:07:25+09:00,"['word31', 'word266', 'word267']"
2019-10-25T16:02:37+09:00,"['word31', 'word266', 'word267']"
2019-10-25T15:54:14+09:00,"['word31', 'word266', 'word267']"
2019-10-25T15:42:38+09:00,"['word31', 'word266', 'word267']"
2019-10-25T15:42:30+09:00,"['word31', 'word266']"
2019-10-25T15:14:12+09:00,['word268']
2019-10-25T15:12:10+09:00,"['word269', 'word270', 'word271', 'word272', 'word273', 'word274']"
2019-10-25T15:06:42+09:00,"['word269', 'word270', 'word271', 'word272', 'word273', 'word274']"
2019-10-25T15:06:07+09:00,"['word269', 'word154']"
2019-10-25T15:00:47+09:00,"['word269', 'word154']"
2019-10-25T14:54:29+09:00,"['word275', 'word276']"
2019-10-25T14:54:18+09:00,"['word275', 'word276']"
2019-10-25T14:53:56+09:00,"['word275', 'word276']"
2019-10-25T14:53:49+09:00,['word275']
2019-10-25T14:53:37+09:00,['word275']
2019-10-25T14:53:16+09:00,['word275']
2019-10-25T14:53:16+09:00,['word275']
2019-10-25T14:53:15+09:00,['word275']
2019-10-25T11:29:24+09:00,['word277']
2019-10-25T10:49:50+09:00,['word277']
2019-10-23T15:40:39+09:00,['word181']
2019-10-23T15:36:30+09:00,['word278']
2019-10-23T15:36:08+09:00,['word279']
2019-10-23T15:34:39+09:00,['word279']
2019-10-23T15:34:27+09:00,['word280']
2019-10-23T15:34:17+09:00,['word281']
2019-10-23T15:33:26+09:00,"['word282', 'word283', 'word284']"
2019-10-23T15:33:18+09:00,"['word282', 'word283']"
2019-10-23T15:32:51+09:00,"['word285', 'word286']"
2019-10-23T15:19:44+09:00,"['word158', 'word287', 'word288', 'word289']"
2019-10-23T15:19:28+09:00,"['word290', 'word107', 'word288']"
2019-10-23T15:19:21+09:00,"['word290', 'word107', 'word291', 'word292']"
2019-10-23T14:51:01+09:00,"['word293', 'word294']"
2019-10-23T14:50:31+09:00,"['word293', 'word294']"
2019-10-23T14:50:28+09:00,"['word293', 'word294']"
2019-10-23T14:50:27+09:00,"['word293', 'word294']"
2019-10-23T14:50:17+09:00,"['word293', 'word294']"
2019-10-23T14:50:11+09:00,"['word293', 'word294']"
2019-10-23T14:50:09+09:00,"['word293', 'word294']"
2019-10-23T14:50:01+09:00,"['word293', 'word294']"
2019-10-23T14:49:52+09:00,"['word293', 'word294']"
2019-10-23T14:49:27+09:00,"['word293', 'word294']"
2019-10-23T14:49:23+09:00,"['word293', 'word294']"
2019-10-23T14:49:06+09:00,"['word293', 'word294']"
2019-10-23T14:47:52+09:00,['word293']
2019-10-23T14:47:47+09:00,['word293']
2019-10-23T14:23:19+09:00,"['word290', 'word107', 'word291', 'word292']"
2019-10-23T14:23:11+09:00,"['word295', 'word296']"
2019-10-23T14:22:33+09:00,"['word295', 'word296']"
2019-10-23T14:21:59+09:00,"['word297', 'word291']"
2019-10-23T13:21:38+09:00,"['word298', 'word279', 'word160']"
2019-10-23T13:21:27+09:00,"['word298', 'word279']"
2019-10-23T13:21:08+09:00,"['word298', 'word160']"
2019-10-23T13:21:01+09:00,"['word298', 'word299']"
2019-10-23T13:20:50+09:00,"['word298', 'word300', 'word301']"
2019-10-23T12:26:28+09:00,"['word33', 'word302', 'word100']"
2019-10-23T12:16:59+09:00,"['word33', 'word302', 'word100']"
2019-10-23T12:16:43+09:00,"['word33', 'word303']"
2019-10-23T12:16:06+09:00,"['word33', 'word303']"
2019-10-23T12:14:27+09:00,"['word33', 'word0']"
2019-10-23T12:13:47+09:00,"['word47', 'word68', 'word79']"
2019-10-23T12:13:18+09:00,"['word47', 'word68', 'word79']"
2019-10-23T12:12:45+09:00,"['word47', 'word68', 'word79']"
2019-10-21T16:21:56+09:00,"['word47', 'word68', 'word79']"
2019-10-21T16:15:16+09:00,"['word47', 'word68', 'word79']"
2019-10-21T15:14:27+09:00,"['word33', 'word304', 'word108']"
2019-10-21T15:14:17+09:00,"['word33', 'word304']"
2019-10-21T15:04:13+09:00,"['word101', 'word305']"
2019-10-21T14:56:38+09:00,"['word101', 'word305']"
2019-10-21T14:56:21+09:00,"['word33', 'word306', 'word129']"
2019-10-21T14:55:05+09:00,"['word33', 'word306', 'word129']"
2019-10-21T14:55:00+09:00,"['word33', 'word306']"
2019-10-21T14:12:24+09:00,"['word0', 'word262']"
2019-10-21T14:12:03+09:00,"['word47', 'word307']"
2019-10-21T13:11:19+09:00,"['word0', 'word308']"
2019-10-21T13:11:06+09:00,"['word0', 'word308']"
2019-10-21T13:10:53+09:00,"['word309', 'word262', 'word0']"
2019-10-21T13:08:27+09:00,"['word309', 'word262', 'word0']"
2019-10-21T13:02:54+09:00,"['word309', 'word262', 'word0']"
2019-10-21T13:02:50+09:00,"['word309', 'word262', 'word31']"
2019-10-21T12:59:51+09:00,"['word309', 'word262', 'word31']"
2019-10-21T12:52:48+09:00,"['word33', 'word0']"
2019-10-21T12:52:39+09:00,"['word33', 'word310']"
2019-10-21T12:49:28+09:00,"['word33', 'word310']"
2019-10-21T12:48:43+09:00,"['word33', 'word310']"
2019-10-21T12:48:05+09:00,"['word33', 'word310']"
2019-10-21T12:47:57+09:00,"['word311', 'word312', 'word313', 'word314', 'word315', 'word316', 'word317', 'word318']"
2019-10-21T12:41:16+09:00,"['word309', 'word262', 'word31']"
2019-10-21T12:41:02+09:00,"['word309', 'word262', 'word319']"
2019-10-21T12:40:52+09:00,"['word309', 'word262', 'word319']"
2019-10-21T12:40:31+09:00,"['word309', 'word262', 'word319']"
2019-10-21T12:28:40+09:00,"['word320', 'word35', 'word321']"
2019-10-21T12:26:39+09:00,"['word322', 'word55', 'word225']"
2019-10-21T12:26:16+09:00,"['word322', 'word55', 'word225']"
2019-10-21T12:26:02+09:00,"['word322', 'word226', 'word225']"
2019-10-21T12:25:16+09:00,"['word322', 'word226', 'word225']"
2019-10-21T12:24:52+09:00,"['word322', 'word226', 'word225']"
2019-10-21T12:24:35+09:00,"['word185', 'word226']"
2019-10-21T12:24:14+09:00,"['word185', 'word226']"
2019-10-18T17:28:01+09:00,"['word31', 'word309']"
2019-10-18T17:27:56+09:00,"['word31', 'word309', 'word323']"
2019-10-18T17:22:30+09:00,"['word31', 'word309', 'word323']"
2019-10-18T17:22:24+09:00,"['word309', 'word323', 'word0']"
2019-10-18T17:14:26+09:00,"['word47', 'word307']"
2019-10-18T17:14:20+09:00,['word47']
2019-10-18T17:12:19+09:00,['word324']
2019-10-18T17:12:04+09:00,['word324']
2019-10-18T17:11:52+09:00,"['word325', 'word326', 'word327', 'word328', 'word329', 'word330', 'word331', 'word332']"
2019-10-18T17:07:13+09:00,"['word325', 'word326', 'word327', 'word328', 'word329', 'word330', 'word331', 'word332']"
2019-10-18T17:07:04+09:00,"['word325', 'word326', 'word327', 'word328', 'word329', 'word333', 'word331', 'word332']"
2019-10-18T17:06:31+09:00,"['word325', 'word326', 'word327', 'word328', 'word329', 'word333', 'word331', 'word332']"
2019-10-18T17:06:17+09:00,"['word334', 'word335']"
2019-10-18T16:36:09+09:00,"['word47', 'word80']"
2019-10-18T16:35:52+09:00,"['word47', 'word80']"
2019-10-18T16:35:46+09:00,"['word47', 'word40', 'word336']"
2019-10-18T16:17:13+09:00,"['word47', 'word40', 'word336']"
2019-10-18T16:17:00+09:00,['word47']
2019-10-18T16:13:05+09:00,"['word47', 'word337']"
2019-10-18T16:13:01+09:00,"['word47', 'word337', 'word338']"
2019-10-18T16:13:01+09:00,"['word47', 'word337', 'word338']"
2019-10-18T16:13:00+09:00,"['word47', 'word337', 'word338']"
2019-10-18T15:16:46+09:00,"['word33', 'word339']"
2019-10-18T15:16:29+09:00,"['word80', 'word52', 'word47']"
2019-10-18T15:13:25+09:00,"['word31', 'word340', 'word341']"
2019-10-18T15:13:00+09:00,"['word31', 'word340', 'word341']"
2019-10-18T15:12:53+09:00,"['word31', 'word342']"
2019-10-18T15:11:21+09:00,"['word31', 'word342']"
2019-10-18T12:40:34+09:00,"['word47', 'word80', 'word24', 'word27']"
2019-10-18T12:39:48+09:00,"['word47', 'word80', 'word24', 'word27']"
2019-10-18T12:38:52+09:00,"['word47', 'word15', 'word315', 'word52']"
2019-10-18T12:25:48+09:00,"['word80', 'word52', 'word47']"
2019-10-18T12:25:45+09:00,"['word80', 'word52']"
2019-10-18T12:25:33+09:00,"['word18', 'word332']"
2019-10-18T12:24:44+09:00,"['word33', 'word80', 'word315', 'word68']"
2019-10-18T12:24:26+09:00,"['word33', 'word80', 'word315', 'word68']"
2019-10-18T12:24:04+09:00,"['word33', 'word80', 'word315', 'word68', 'word119']"
2019-10-18T12:22:35+09:00,"['word33', 'word80', 'word315', 'word68', 'word119']"
2019-10-18T12:22:29+09:00,"['word33', 'word80', 'word315', 'word68']"
2019-10-18T12:17:41+09:00,"['word33', 'word80', 'word315', 'word68']"
2019-10-17T16:52:53+09:00,"['word18', 'word332']"
2019-10-17T16:52:31+09:00,['word343']
2019-10-17T16:46:57+09:00,['word343']
2019-10-17T16:45:58+09:00,['word343']
2019-10-17T16:43:09+09:00,"['word47', 'word15', 'word315', 'word52']"
2019-10-17T16:19:50+09:00,"['word33', 'word80', 'word315', 'word68']"
2019-10-17T16:19:27+09:00,"['word33', 'word80', 'word315', 'word68']"
2019-10-17T16:19:08+09:00,"['word80', 'word344', 'word68', 'word47']"
2019-10-17T16:18:53+09:00,"['word80', 'word344', 'word68', 'word47']"
2019-10-17T16:15:46+09:00,"['word80', 'word344', 'word68', 'word47']"
2019-10-17T16:15:33+09:00,"['word80', 'word344', 'word68', 'word47']"
2019-10-17T16:15:17+09:00,"['word47', 'word80', 'word315', 'word68']"
2019-10-17T16:14:43+09:00,"['word47', 'word80', 'word315', 'word68']"
2019-10-17T16:13:33+09:00,"['word47', 'word80', 'word315', 'word68']"
2019-10-17T16:13:08+09:00,"['word47', 'word80', 'word315', 'word68']"
2019-10-17T16:12:45+09:00,"['word47', 'word68', 'word78']"
2019-10-17T16:12:22+09:00,"['word47', 'word68', 'word78']"
2019-10-17T16:10:08+09:00,"['word47', 'word345']"
2019-10-17T16:09:12+09:00,"['word47', 'word345']"
2019-10-17T16:08:52+09:00,"['word47', 'word345']"
2019-10-17T16:05:59+09:00,"['word47', 'word346', 'word315', 'word52']"
2019-10-17T16:03:33+09:00,"['word47', 'word346', 'word315', 'word52']"
2019-10-17T16:03:08+09:00,"['word47', 'word346', 'word315', 'word52']"
2019-10-17T16:02:58+09:00,"['word47', 'word346', 'word315', 'word52', 'word80']"
2019-10-17T16:01:41+09:00,"['word47', 'word346', 'word315', 'word52', 'word80']"
2019-10-17T15:59:53+09:00,"['word47', 'word346', 'word315', 'word52', 'word80']"
2019-10-17T14:59:47+09:00,"['word47', 'word346', 'word315', 'word52', 'word80']"
2019-10-17T14:55:22+09:00,"['word47', 'word40', 'word60']"
2019-10-17T14:55:06+09:00,"['word47', 'word347', 'word60']"
2019-10-17T14:53:12+09:00,"['word47', 'word347', 'word60']"
2019-10-17T14:52:20+09:00,"['word47', 'word348']"
2019-10-17T14:51:48+09:00,"['word47', 'word348']"
2019-10-17T14:51:21+09:00,"['word47', 'word348']"
2019-10-17T14:51:14+09:00,"['word47', 'word349', 'word321']"
2019-10-17T14:50:54+09:00,"['word47', 'word349', 'word321']"
2019-10-17T14:46:35+09:00,"['word47', 'word26', 'word60', 'word16']"
2019-10-17T14:46:09+09:00,"['word47', 'word26', 'word60', 'word16']"
2019-10-17T14:46:09+09:00,"['word47', 'word52']"
2019-10-17T14:46:00+09:00,"['word47', 'word52', 'word60']"
2019-10-17T14:45:42+09:00,"['word47', 'word52', 'word60']"
2019-10-17T14:45:03+09:00,"['word47', 'word52', 'word60']"
2019-10-17T14:44:58+09:00,"['word47', 'word52']"
2019-10-17T14:44:38+09:00,"['word47', 'word26', 'word60', 'word16']"
2019-10-17T14:43:24+09:00,"['word47', 'word26', 'word60', 'word16']"
2019-10-17T14:43:00+09:00,"['word47', 'word26', 'word60']"
2019-10-17T14:41:58+09:00,"['word47', 'word346', 'word26', 'word60']"
2019-10-17T14:41:52+09:00,"['word47', 'word346', 'word26', 'word51']"
2019-10-17T14:41:41+09:00,"['word47', 'word346', 'word12', 'word26']"
2019-10-17T14:41:32+09:00,"['word47', 'word346', 'word26', 'word51']"
2019-10-17T14:40:52+09:00,"['word47', 'word346', 'word26', 'word51']"
2019-10-17T14:40:29+09:00,"['word47', 'word346', 'word60']"
2019-10-17T14:40:13+09:00,"['word47', 'word346', 'word315', 'word52']"
2019-10-17T14:32:22+09:00,"['word334', 'word350', 'word351', 'word346', 'word312', 'word352']"
2019-10-17T14:31:23+09:00,"['word47', 'word346', 'word52', 'word57']"
2019-10-17T14:27:39+09:00,"['word47', 'word346', 'word315', 'word52']"
2019-10-17T14:17:24+09:00,"['word47', 'word346', 'word315', 'word52']"
2019-10-17T14:17:20+09:00,"['word47', 'word346', 'word315', 'word52', 'word80']"
2019-10-17T14:17:03+09:00,"['word47', 'word80', 'word353', 'word354']"
2019-10-17T14:10:38+09:00,"['word47', 'word80', 'word353', 'word354']"
2019-10-17T14:05:52+09:00,"['word47', 'word80', 'word353', 'word354']"
2019-10-17T14:05:35+09:00,"['word47', 'word80', 'word353']"
2019-10-17T14:05:22+09:00,"['word47', 'word16', 'word52']"
2019-10-17T13:55:59+09:00,"['word47', 'word346', 'word52', 'word57']"
2019-10-17T13:53:53+09:00,"['word47', 'word346', 'word52', 'word57']"
2019-10-17T13:51:35+09:00,"['word47', 'word16', 'word52']"
2019-10-17T13:51:30+09:00,"['word47', 'word16', 'word346']"
2019-10-17T13:50:46+09:00,"['word47', 'word16', 'word346']"
2019-10-17T13:50:14+09:00,"['word47', 'word16', 'word346']"
2019-10-17T13:49:49+09:00,"['word47', 'word16', 'word52']"
2019-10-17T13:49:35+09:00,"['word47', 'word16', 'word52']"
2019-10-17T13:49:26+09:00,"['word47', 'word16', 'word346']"
2019-10-17T13:49:20+09:00,"['word47', 'word16', 'word346']"
2019-10-17T13:49:14+09:00,"['word47', 'word16', 'word26']"
2019-10-17T13:49:00+09:00,"['word47', 'word16', 'word26']"
2019-10-17T13:46:37+09:00,"['word47', 'word346', 'word52', 'word57']"
2019-10-17T13:46:28+09:00,['word47']
2019-10-17T13:41:29+09:00,"['word311', 'word312', 'word313', 'word314', 'word315', 'word316', 'word317', 'word318']"
2019-10-17T13:36:54+09:00,"['word311', 'word312', 'word313', 'word314', 'word315', 'word316', 'word317', 'word318']"
2019-10-15T16:05:57+09:00,"['word47', 'word355', 'word356']"
2019-10-15T16:05:12+09:00,"['word47', 'word355', 'word356']"
2019-10-15T16:04:56+09:00,"['word47', 'word356', 'word357']"
2019-10-15T16:04:05+09:00,"['word47', 'word356', 'word357']"
2019-10-15T15:59:43+09:00,"['word47', 'word356', 'word357']"
2019-10-15T15:59:18+09:00,['word47']
2019-10-15T15:56:58+09:00,"['word47', 'word26', 'word60']"
2019-10-15T15:56:34+09:00,"['word47', 'word347', 'word60']"
2019-10-15T15:56:25+09:00,"['word47', 'word40', 'word60']"
2019-10-15T15:55:26+09:00,"['word47', 'word40', 'word60']"
2019-10-15T15:55:17+09:00,"['word47', 'word40']"
2019-10-15T15:54:37+09:00,"['word47', 'word40']"
2019-10-15T15:48:30+09:00,"['word33', 'word358', 'word359']"
2019-10-15T15:36:22+09:00,"['word101', 'word66', 'word267']"
2019-10-15T15:36:18+09:00,"['word33', 'word6', 'word66']"
2019-10-15T15:35:58+09:00,"['word33', 'word6']"
2019-10-15T15:27:26+09:00,['word66']
2019-10-15T15:19:34+09:00,"['word33', 'word6']"
2019-10-15T15:19:31+09:00,"['word33', 'word6', 'word341', 'word360', 'word66']"
2019-10-15T15:15:06+09:00,"['word33', 'word6', 'word341', 'word360', 'word66']"
2019-10-15T15:14:57+09:00,"['word33', 'word6', 'word341', 'word360']"
2019-10-15T15:14:45+09:00,"['word33', 'word146']"
2019-10-15T15:14:24+09:00,"['word361', 'word362']"
2019-10-15T14:57:34+09:00,"['word363', 'word364']"
2019-10-15T14:53:39+09:00,"['word119', 'word349']"
2019-10-15T14:53:33+09:00,"['word119', 'word349']"
2019-10-15T14:50:16+09:00,"['word33', 'word365']"
2019-10-15T14:49:52+09:00,"['word366', 'word348', 'word57', 'word33']"
2019-10-15T14:49:45+09:00,"['word366', 'word348', 'word57', 'word33']"
2019-10-15T14:49:35+09:00,"['word366', 'word348', 'word57', 'word47']"
2019-10-15T14:47:00+09:00,"['word366', 'word348', 'word57', 'word47']"
2019-10-15T14:46:08+09:00,"['word366', 'word348', 'word57', 'word47']"
2019-10-15T14:35:32+09:00,"['word363', 'word367']"
2019-10-15T14:06:51+09:00,"['word363', 'word367']"
2019-10-15T14:06:47+09:00,['word363']
2019-10-15T14:06:35+09:00,['word363']
2019-10-15T14:05:46+09:00,"['word366', 'word348', 'word57', 'word47']"
2019-10-15T14:05:31+09:00,"['word366', 'word348', 'word57', 'word47']"
2019-10-15T14:05:19+09:00,"['word366', 'word348', 'word57', 'word47']"
2019-10-15T14:05:06+09:00,"['word47', 'word348', 'word57']"
2019-10-15T14:04:41+09:00,"['word47', 'word17']"
2019-10-15T13:57:10+09:00,"['word47', 'word368', 'word332']"
2019-10-15T13:52:16+09:00,"['word47', 'word17']"
2019-10-15T13:52:13+09:00,['word47']
2019-10-15T13:45:47+09:00,"['word47', 'word80', 'word353']"
2019-10-15T13:45:44+09:00,"['word47', 'word80']"
2019-10-15T13:40:53+09:00,"['word47', 'word80']"
2019-10-15T13:40:43+09:00,"['word47', 'word369']"
2019-10-15T13:40:15+09:00,"['word47', 'word80', 'word304', 'word27']"
2019-10-15T13:39:11+09:00,"['word47', 'word80', 'word304', 'word27']"
2019-10-15T13:38:42+09:00,"['word47', 'word80', 'word304', 'word27']"
2019-10-15T13:38:32+09:00,"['word47', 'word80', 'word137', 'word27']"
2019-10-15T13:37:36+09:00,"['word47', 'word80', 'word137', 'word27']"
2019-10-15T13:37:23+09:00,"['word47', 'word80', 'word353']"
2019-10-15T13:34:46+09:00,"['word47', 'word80', 'word353']"
2019-10-15T13:34:34+09:00,"['word47', 'word80', 'word315', 'word68', 'word370']"
2019-10-15T13:34:09+09:00,"['word47', 'word80', 'word315', 'word68', 'word370']"
2019-10-15T13:06:49+09:00,"['word47', 'word366', 'word57']"
2019-10-15T13:06:34+09:00,"['word47', 'word366', 'word57']"
2019-10-15T13:06:04+09:00,"['word47', 'word366', 'word57']"
2019-10-15T13:05:53+09:00,"['word47', 'word348', 'word57']"
2019-10-15T13:04:48+09:00,"['word85', 'word371', 'word372']"
2019-10-15T12:56:38+09:00,"['word47', 'word348', 'word57']"
2019-10-15T12:55:06+09:00,"['word47', 'word348', 'word57']"
2019-10-15T12:54:50+09:00,"['word47', 'word373', 'word374']"
2019-10-15T12:52:17+09:00,"['word47', 'word373', 'word374']"
2019-10-15T12:52:17+09:00,"['word47', 'word373', 'word374']"
2019-10-15T12:52:16+09:00,"['word47', 'word373', 'word374']"
2019-10-15T12:52:06+09:00,"['word47', 'word80', 'word315', 'word68', 'word370']"
2019-10-15T12:47:45+09:00,"['word375', 'word376', 'word377', 'word378', 'word379']"
2019-10-15T12:47:21+09:00,"['word375', 'word376', 'word377', 'word378', 'word379']"
2019-10-15T12:41:58+09:00,"['word47', 'word80', 'word315', 'word68', 'word370']"
2019-10-15T12:41:43+09:00,"['word47', 'word80', 'word315', 'word380', 'word370']"
2019-10-15T12:41:18+09:00,"['word47', 'word80', 'word315', 'word68', 'word370']"
2019-10-15T12:41:12+09:00,"['word47', 'word80', 'word315', 'word68']"
2019-10-15T12:41:03+09:00,"['word47', 'word68', 'word78']"
2019-10-15T12:40:48+09:00,"['word47', 'word80', 'word315', 'word68']"
2019-10-15T12:34:09+09:00,"['word47', 'word80', 'word315', 'word68']"
2019-10-15T12:33:09+09:00,"['word47', 'word80', 'word315', 'word68']"
2019-10-15T12:31:45+09:00,"['word47', 'word80', 'word315', 'word68']"
2019-10-15T12:31:28+09:00,"['word47', 'word80', 'word315', 'word68']"
2019-10-15T12:30:55+09:00,"['word47', 'word80', 'word315', 'word68']"
2019-10-15T12:30:45+09:00,['word47']
2019-10-15T12:25:21+09:00,"['word47', 'word369']"
2019-10-15T12:24:57+09:00,"['word47', 'word369']"
2019-10-15T12:22:33+09:00,"['word47', 'word369']"
2019-10-15T12:21:41+09:00,"['word47', 'word369']"
2019-10-15T12:19:46+09:00,"['word47', 'word381']"
2019-10-15T12:19:44+09:00,['word47']
2019-10-11T15:44:13+09:00,"['word382', 'word383']"
2019-10-11T15:44:03+09:00,"['word382', 'word383']"
2019-10-11T15:43:54+09:00,"['word382', 'word383']"
2019-10-11T15:43:52+09:00,"['word382', 'word383']"
2019-10-11T15:43:50+09:00,"['word382', 'word383']"
2019-10-11T15:43:46+09:00,"['word382', 'word383']"
2019-10-11T15:43:38+09:00,"['word382', 'word383']"
2019-10-11T15:43:26+09:00,"['word382', 'word383']"
2019-10-11T15:43:19+09:00,"['word382', 'word383']"
2019-10-11T15:43:11+09:00,"['word382', 'word383']"
2019-10-11T15:43:08+09:00,"['word382', 'word383']"
2019-10-11T15:43:05+09:00,"['word382', 'word383']"
2019-10-11T15:43:00+09:00,"['word382', 'word383']"
2019-10-11T15:42:58+09:00,"['word382', 'word383']"
2019-10-11T15:42:54+09:00,"['word382', 'word383']"
2019-10-11T15:42:47+09:00,"['word382', 'word383']"
2019-10-11T15:42:44+09:00,"['word382', 'word383']"
2019-10-11T15:42:41+09:00,"['word382', 'word383']"
2019-10-11T15:42:32+09:00,"['word382', 'word383']"
2019-10-11T15:42:24+09:00,"['word382', 'word383']"
2019-10-11T15:42:18+09:00,"['word382', 'word383']"
2019-10-11T15:42:15+09:00,"['word382', 'word383']"
2019-10-11T15:42:00+09:00,"['word382', 'word383']"
2019-10-11T15:41:54+09:00,"['word382', 'word383']"
2019-10-11T15:41:45+09:00,"['word382', 'word383']"
2019-10-11T15:41:44+09:00,"['word382', 'word383']"
2019-10-11T15:41:41+09:00,"['word382', 'word383']"
2019-10-11T15:41:34+09:00,"['word382', 'word383']"
2019-10-11T15:41:32+09:00,"['word382', 'word383']"
2019-10-11T15:41:18+09:00,"['word382', 'word384']"
2019-10-11T15:41:02+09:00,"['word385', 'word386', 'word387']"
2019-10-11T15:40:59+09:00,"['word385', 'word386', 'word387']"
2019-10-11T15:40:36+09:00,"['word385', 'word386', 'word387']"
2019-10-11T15:40:16+09:00,"['word385', 'word386', 'word387']"
2019-10-11T15:40:09+09:00,"['word385', 'word386', 'word387']"
2019-10-11T15:39:12+09:00,['word382']
2019-10-11T15:38:22+09:00,['word388']
2019-10-11T15:38:11+09:00,['word388']
2019-10-11T15:37:51+09:00,['word388']
2019-10-11T15:37:27+09:00,['word388']
2019-10-11T15:16:27+09:00,"['word47', 'word346', 'word315', 'word52', 'word80']"
2019-10-11T15:16:26+09:00,"['word47', 'word346', 'word315', 'word52', 'word80']"
2019-10-11T15:05:24+09:00,['word389']
2019-10-11T14:56:02+09:00,"['word390', 'word150', 'word391']"
2019-10-11T14:55:19+09:00,"['word390', 'word150', 'word391']"
2019-10-11T14:55:05+09:00,['word392']
2019-10-11T14:54:43+09:00,['word392']
2019-10-11T14:52:31+09:00,['word392']
2019-10-11T14:52:17+09:00,['word392']
2019-10-11T14:52:04+09:00,['word392']
2019-10-11T14:51:52+09:00,['word392']
2019-10-11T14:51:36+09:00,['word392']
2019-10-11T14:51:20+09:00,['word392']
2019-10-11T14:50:46+09:00,['word392']
2019-10-11T14:50:38+09:00,['word392']
2019-10-11T12:41:06+09:00,"['word47', 'word332', 'word393', 'word394']"
2019-10-11T12:41:03+09:00,"['word47', 'word332']"
2019-10-11T12:39:59+09:00,"['word47', 'word332']"
2019-10-11T12:39:49+09:00,"['word47', 'word346', 'word315', 'word52', 'word80']"
2019-10-11T12:10:34+09:00,"['word47', 'word346', 'word315', 'word52', 'word80']"
2019-10-11T12:10:33+09:00,"['word47', 'word346', 'word315', 'word52', 'word80']"
2019-10-11T12:10:22+09:00,"['word47', 'word346', 'word52', 'word57']"
2019-10-11T12:09:35+09:00,"['word47', 'word346', 'word52', 'word57']"
2019-10-11T12:09:30+09:00,"['word47', 'word346']"
2019-10-11T12:09:13+09:00,"['word47', 'word346']"
2019-10-10T19:38:27+09:00,"['word325', 'word326', 'word327', 'word328', 'word329', 'word395', 'word331', 'word332']"
2019-10-10T19:38:12+09:00,"['word325', 'word396', 'word327', 'word328', 'word329']"
2019-10-10T19:36:49+09:00,"['word325', 'word396', 'word327', 'word328', 'word329']"
2019-10-10T19:32:48+09:00,"['word325', 'word396', 'word327', 'word328', 'word329']"
2019-10-10T19:30:28+09:00,"['word325', 'word396', 'word327', 'word328', 'word329']"
2019-10-10T19:14:12+09:00,"['word47', 'word368']"
2019-10-10T19:14:04+09:00,"['word47', 'word4', 'word369']"
2019-10-10T19:11:51+09:00,"['word47', 'word4', 'word369']"
2019-10-10T19:11:41+09:00,"['word47', 'word381']"
2019-10-10T19:10:34+09:00,"['word47', 'word381']"
2019-10-10T19:10:28+09:00,"['word47', 'word17']"
2019-10-10T19:03:56+09:00,"['word47', 'word17']"
2019-10-10T19:03:45+09:00,"['word47', 'word17']"
2019-10-10T19:01:55+09:00,"['word47', 'word17']"
2019-10-10T18:55:05+09:00,['word332']
2019-10-10T18:52:11+09:00,"['word47', 'word80', 'word397']"
2019-10-10T18:52:03+09:00,"['word47', 'word381']"
2019-10-10T18:46:38+09:00,"['word47', 'word381']"
2019-10-10T18:46:27+09:00,"['word47', 'word29']"
2019-10-10T18:45:11+09:00,"['word47', 'word29']"
2019-10-10T18:16:27+09:00,"['word47', 'word97']"
2019-10-10T18:16:20+09:00,['word47']
2019-10-10T18:07:54+09:00,['word398']
2019-10-10T17:56:45+09:00,"['word47', 'word328', 'word99', 'word52']"
2019-10-10T17:55:52+09:00,"['word47', 'word328', 'word99', 'word52']"
2019-10-10T17:53:37+09:00,"['word47', 'word328', 'word99', 'word52']"
2019-10-10T17:53:32+09:00,"['word47', 'word328', 'word99']"
2019-10-10T17:53:22+09:00,['word47']
2019-10-10T17:33:46+09:00,"['word99', 'word52', 'word47']"
2019-10-10T16:34:24+09:00,"['word399', 'word82']"
2019-10-04T18:43:33+09:00,"['word399', 'word82']"
2019-10-04T18:43:26+09:00,"['word399', 'word82']"
2019-10-04T18:43:20+09:00,['word400']
2019-10-04T18:38:10+09:00,['word400']
2019-10-04T18:22:40+09:00,"['word401', 'word130']"
2019-10-04T18:22:33+09:00,"['word402', 'word114']"
2019-10-04T18:16:50+09:00,"['word82', 'word99', 'word102']"
2019-10-04T18:16:33+09:00,"['word82', 'word403']"
2019-10-04T18:07:45+09:00,"['word402', 'word114']"
2019-10-04T18:01:11+09:00,"['word82', 'word403']"
2019-10-04T18:01:08+09:00,['word82']
2019-10-04T17:50:41+09:00,['word404']
2019-10-04T17:47:01+09:00,['word82']
2019-10-04T16:50:55+09:00,['word405']
2019-10-04T14:48:31+09:00,"['word33', 'word99', 'word102', 'word306']"
2019-10-04T14:48:10+09:00,"['word33', 'word406']"
2019-10-04T14:38:28+09:00,"['word407', 'word408']"
2019-10-04T14:38:27+09:00,"['word407', 'word408']"
2019-10-03T14:10:41+09:00,"['word33', 'word406']"
2019-10-03T14:10:15+09:00,"['word33', 'word406']"
2019-10-03T13:53:40+09:00,"['word409', 'word410', 'word411']"
2019-10-03T13:46:58+09:00,['word412']
2019-10-03T13:46:33+09:00,"['word269', 'word270', 'word351', 'word413', 'word412', 'word414']"
2019-10-03T13:43:28+09:00,"['word269', 'word270', 'word351', 'word413', 'word412', 'word414']"
2019-10-03T13:41:43+09:00,"['word113', 'word415', 'word119']"
2019-10-03T13:41:39+09:00,"['word113', 'word415']"
2019-10-03T13:41:20+09:00,"['word119', 'word113', 'word33']"
2019-10-03T13:41:02+09:00,"['word119', 'word113', 'word33']"
2019-10-03T13:35:56+09:00,"['word119', 'word113', 'word33']"
2019-10-03T13:35:48+09:00,"['word119', 'word113', 'word415']"
2019-10-03T13:27:16+09:00,"['word119', 'word113', 'word415']"
2019-10-03T13:26:49+09:00,"['word119', 'word113', 'word415']"
2019-10-03T13:26:07+09:00,"['word101', 'word113']"
2019-10-03T13:26:01+09:00,['word101']
2019-10-03T13:13:10+09:00,"['word33', 'word406']"
2019-10-03T13:00:11+09:00,"['word33', 'word406']"
2019-10-03T13:00:09+09:00,"['word33', 'word416']"
2019-10-03T12:57:53+09:00,"['word33', 'word416']"
2019-10-03T12:56:12+09:00,"['word33', 'word416']"
2019-10-03T12:51:52+09:00,"['word33', 'word416']"
2019-10-03T12:51:36+09:00,"['word33', 'word406']"
2019-10-03T12:49:41+09:00,"['word33', 'word406']"
2019-10-03T12:47:29+09:00,"['word33', 'word406']"
2019-10-01T18:26:10+09:00,['word417']
2019-10-01T18:26:04+09:00,"['word47', 'word418']"
2019-10-01T18:25:21+09:00,"['word47', 'word418']"
2019-10-01T18:25:12+09:00,"['word47', 'word80', 'word57']"
2019-10-01T18:22:48+09:00,['word33']
2019-10-01T17:45:02+09:00,"['word85', 'word419', 'word33']"
2019-10-01T16:59:21+09:00,"['word420', 'word421']"
2019-10-01T16:59:15+09:00,"['word420', 'word422', 'word423']"
2019-10-01T16:50:24+09:00,['word424']
2019-10-01T16:48:22+09:00,"['word119', 'word425']"
2019-10-01T16:47:31+09:00,"['word426', 'word425']"
2019-10-01T16:47:29+09:00,['word426']
2019-10-01T16:47:18+09:00,['word426']
2019-10-01T16:47:13+09:00,"['word426', 'word415']"
2019-10-01T16:46:59+09:00,"['word426', 'word415']"
2019-10-01T16:46:38+09:00,"['word426', 'word415']"
2019-10-01T16:43:01+09:00,"['word141', 'word6']"
2019-10-01T16:42:22+09:00,"['word33', 'word141']"
2019-10-01T16:37:30+09:00,['word101']
2019-10-01T16:36:10+09:00,['word427']
2019-10-01T16:35:39+09:00,['word428']
2019-10-01T16:35:13+09:00,['word101']
2019-10-01T16:25:46+09:00,"['word80', 'word68', 'word57', 'word47']"
2019-10-01T16:18:40+09:00,"['word80', 'word68', 'word57', 'word47']"
2019-10-01T15:59:19+09:00,"['word80', 'word68', 'word57', 'word47']"
2019-10-01T15:56:28+09:00,"['word80', 'word68', 'word57', 'word47']"
2019-10-01T15:53:26+09:00,"['word80', 'word68', 'word57', 'word47']"
2019-10-01T15:52:39+09:00,"['word80', 'word68', 'word57', 'word47']"
2019-10-01T15:52:23+09:00,"['word80', 'word57', 'word47']"
2019-10-01T15:51:58+09:00,"['word68', 'word80', 'word57', 'word47']"
2019-10-01T15:39:37+09:00,"['word31', 'word341', 'word429']"
2019-10-01T15:39:02+09:00,"['word31', 'word341', 'word372']"
2019-10-01T15:38:42+09:00,"['word31', 'word430']"
2019-10-01T15:38:16+09:00,"['word31', 'word430']"
2019-10-01T15:38:05+09:00,"['word31', 'word431']"
2019-10-01T15:37:28+09:00,['word47']
2019-10-01T15:37:13+09:00,['word432']
2019-10-01T15:30:04+09:00,['word432']
2019-10-01T15:17:20+09:00,"['word68', 'word80', 'word57', 'word47']"
2019-10-01T15:17:15+09:00,"['word47', 'word80', 'word57']"
2019-10-01T15:17:02+09:00,"['word47', 'word80', 'word57']"
2019-10-01T15:16:49+09:00,['word47']
2019-10-01T15:16:37+09:00,"['word75', 'word433', 'word434']"
2019-10-01T15:16:31+09:00,"['word75', 'word80', 'word68']"
2019-10-01T15:16:17+09:00,"['word75', 'word433', 'word434']"
2019-10-01T15:13:55+09:00,"['word47', 'word435']"
2019-10-01T15:13:04+09:00,"['word47', 'word436']"
2019-10-01T15:12:50+09:00,['word47']
2019-10-01T14:15:38+09:00,"['word75', 'word433', 'word434']"
2019-10-01T14:15:05+09:00,"['word75', 'word433', 'word434']"
2019-10-01T14:12:39+09:00,"['word75', 'word433', 'word434']"
2019-10-01T14:12:28+09:00,"['word75', 'word433']"
2019-10-01T14:12:21+09:00,"['word75', 'word437', 'word438']"
2019-10-01T14:10:18+09:00,"['word75', 'word437', 'word438']"
2019-10-01T14:09:40+09:00,"['word75', 'word439', 'word348']"
2019-10-01T13:58:43+09:00,"['word433', 'word440']"
2019-10-01T13:58:34+09:00,"['word433', 'word441']"
2019-10-01T13:57:44+09:00,"['word433', 'word441']"
2019-10-01T13:57:15+09:00,"['word433', 'word336']"
2019-10-01T13:56:51+09:00,"['word433', 'word57']"
2019-10-01T13:52:26+09:00,"['word433', 'word57']"
2019-10-01T13:51:36+09:00,"['word75', 'word442']"
2019-10-01T13:50:07+09:00,"['word75', 'word442']"
2019-10-01T13:49:57+09:00,"['word443', 'word444', 'word331', 'word445', 'word446', 'word447', 'word448', 'word449', 'word450']"
2019-10-01T13:07:48+09:00,"['word443', 'word444', 'word331', 'word445', 'word446', 'word447', 'word448', 'word449', 'word450']"
2019-10-01T13:06:58+09:00,"['word443', 'word444', 'word331', 'word445', 'word446', 'word447', 'word448', 'word449', 'word450']"
2019-10-01T13:06:23+09:00,"['word443', 'word444', 'word331', 'word445', 'word446', 'word447', 'word448', 'word449', 'word450']"
2019-10-01T13:00:26+09:00,"['word75', 'word439', 'word348']"
2019-10-01T12:59:23+09:00,"['word75', 'word439']"
2019-10-01T12:59:09+09:00,"['word75', 'word439']"
2019-10-01T12:58:10+09:00,"['word75', 'word439']"
2019-09-25T18:55:33+09:00,"['word70', 'word451', 'word229']"
2019-09-25T18:43:45+09:00,"['word75', 'word452', 'word188']"
2019-09-25T18:43:40+09:00,"['word75', 'word433', 'word452', 'word188']"
2019-09-25T18:39:15+09:00,"['word75', 'word441', 'word188', 'word453']"
2019-09-25T18:38:43+09:00,"['word441', 'word66', 'word126']"
2019-09-25T18:33:26+09:00,"['word441', 'word55', 'word188']"
2019-09-25T18:33:18+09:00,"['word441', 'word55', 'word188']"
2019-09-25T18:07:38+09:00,"['word442', 'word454', 'word331']"
2019-09-25T18:06:17+09:00,"['word442', 'word454', 'word331']"
2019-09-25T18:06:04+09:00,"['word442', 'word454', 'word331']"
2019-09-25T17:50:47+09:00,"['word70', 'word455']"
2019-09-25T17:48:33+09:00,"['word70', 'word455']"
2019-09-25T17:35:35+09:00,"['word433', 'word441', 'word74']"
2019-09-25T17:31:00+09:00,"['word433', 'word441', 'word74']"
2019-09-25T17:30:49+09:00,"['word441', 'word74']"
2019-09-25T17:18:52+09:00,"['word441', 'word74']"
2019-09-25T17:18:21+09:00,"['word441', 'word74']"
2019-09-25T17:12:22+09:00,['word456']
2019-09-25T16:44:27+09:00,"['word70', 'word457', 'word458']"
2019-09-25T16:44:11+09:00,"['word433', 'word60']"
2019-09-25T16:32:41+09:00,"['word433', 'word60']"
2019-09-25T16:29:01+09:00,"['word433', 'word57']"
2019-09-25T16:28:43+09:00,"['word433', 'word57']"
2019-09-25T16:28:28+09:00,"['word433', 'word8']"
2019-09-25T16:27:52+09:00,"['word433', 'word8']"
2019-09-25T16:27:45+09:00,"['word433', 'word65']"
2019-09-25T16:21:11+09:00,"['word433', 'word65']"
2019-09-25T16:11:28+09:00,"['word459', 'word70']"
2019-09-25T15:53:29+09:00,"['word460', 'word461', 'word70']"
2019-09-25T15:53:20+09:00,"['word460', 'word461']"
2019-09-25T15:52:52+09:00,"['word70', 'word455']"
2019-09-25T15:50:22+09:00,"['word70', 'word455']"
2019-09-25T15:35:16+09:00,['word462']
2019-09-25T15:33:32+09:00,['word462']
2019-09-25T15:13:34+09:00,"['word463', 'word315', 'word40']"
2019-09-25T14:41:40+09:00,"['word348', 'word74', 'word70']"
2019-09-25T14:41:29+09:00,"['word348', 'word74']"
2019-09-25T14:41:16+09:00,"['word348', 'word74']"
2019-09-25T14:26:06+09:00,"['word70', 'word464', 'word465']"
2019-09-25T14:23:33+09:00,"['word70', 'word464', 'word465']"
2019-09-25T13:34:52+09:00,"['word75', 'word433', 'word452', 'word188']"
2019-09-25T13:34:21+09:00,"['word75', 'word433', 'word452', 'word188']"
2019-09-25T13:33:50+09:00,"['word75', 'word433', 'word452', 'word188']"
2019-09-25T13:33:41+09:00,"['word75', 'word433', 'word452']"
2019-09-25T13:27:31+09:00,"['word75', 'word466']"
2019-09-25T13:25:27+09:00,"['word75', 'word466']"
2019-09-25T13:24:50+09:00,"['word75', 'word466']"
2019-09-25T13:23:16+09:00,"['word75', 'word466']"
2019-09-25T13:22:27+09:00,"['word75', 'word466']"
2019-09-25T13:10:44+09:00,"['word70', 'word452', 'word68']"
2019-09-25T13:10:37+09:00,"['word70', 'word452']"
2019-09-25T13:09:32+09:00,"['word70', 'word452']"
2019-09-25T13:09:20+09:00,"['word70', 'word452']"
2019-09-25T13:08:55+09:00,"['word70', 'word467', 'word229']"
2019-09-25T13:01:19+09:00,"['word70', 'word467', 'word229']"
2019-09-25T12:58:07+09:00,"['word70', 'word467', 'word229']"
2019-09-25T12:57:46+09:00,"['word70', 'word467', 'word229']"
2019-09-25T12:57:23+09:00,"['word70', 'word467', 'word229']"
2019-09-25T12:57:01+09:00,"['word70', 'word467', 'word229']"
2019-09-25T12:56:52+09:00,"['word70', 'word467', 'word188']"
2019-09-25T12:49:23+09:00,"['word70', 'word467', 'word188']"
2019-09-25T12:48:04+09:00,"['word70', 'word467', 'word188']"
2019-09-25T12:47:34+09:00,"['word70', 'word467', 'word188']"
2019-09-25T12:47:13+09:00,"['word70', 'word467', 'word188']"
2019-09-25T12:42:58+09:00,"['word70', 'word467', 'word188']"
2019-09-25T12:42:46+09:00,"['word70', 'word468', 'word9']"
2019-09-25T12:39:19+09:00,"['word70', 'word468', 'word9']"
2019-09-25T12:38:58+09:00,"['word70', 'word468', 'word9']"
2019-09-25T12:38:33+09:00,"['word70', 'word468', 'word68']"
2019-09-25T12:35:47+09:00,"['word70', 'word468', 'word68']"
2019-09-25T12:31:28+09:00,"['word70', 'word468', 'word68']"
2019-09-25T12:31:03+09:00,"['word70', 'word468', 'word68']"
2019-09-25T12:29:56+09:00,"['word70', 'word468', 'word68']"
2019-09-25T12:29:31+09:00,"['word70', 'word468', 'word68']"
2019-09-25T12:29:14+09:00,"['word70', 'word468', 'word68']"
2019-09-25T12:16:50+09:00,"['word70', 'word468', 'word68']"
2019-09-25T12:13:01+09:00,"['word70', 'word468', 'word68']"
2019-09-25T12:11:59+09:00,"['word70', 'word468', 'word68']"
2019-09-25T12:11:05+09:00,"['word70', 'word468', 'word68']"
2019-09-25T12:09:25+09:00,"['word70', 'word468', 'word68']"
2019-09-25T11:31:51+09:00,"['word70', 'word469']"
2019-09-24T14:01:01+09:00,"['word37', 'word297', 'word372']"
2019-09-24T14:00:44+09:00,"['word37', 'word297', 'word372']"
2019-09-24T13:37:44+09:00,"['word37', 'word297', 'word66']"
2019-09-24T13:37:28+09:00,"['word37', 'word297', 'word66']"
2019-09-24T13:37:18+09:00,"['word37', 'word297', 'word372']"
2019-09-24T13:36:46+09:00,"['word37', 'word297', 'word372']"
2019-09-24T13:36:00+09:00,"['word85', 'word470']"
2019-09-24T13:14:36+09:00,['word471']
2019-09-24T12:25:36+09:00,"['word472', 'word473']"
2019-09-24T09:12:28+09:00,"['word425', 'word474', 'word475']"
2019-09-24T09:12:05+09:00,"['word425', 'word476']"
2019-09-24T09:11:48+09:00,"['word425', 'word477']"
2019-09-20T18:28:06+09:00,['word478']
2019-09-20T18:25:27+09:00,"['word479', 'word480']"
2019-09-20T18:05:55+09:00,"['word481', 'word482']"
2019-09-20T18:05:44+09:00,"['word481', 'word482']"
2019-09-20T18:05:21+09:00,"['word481', 'word482']"
2019-09-20T18:04:27+09:00,"['word481', 'word482']"
2019-09-20T17:57:03+09:00,['word483']
2019-09-20T17:56:59+09:00,"['word481', 'word482']"
2019-09-20T17:50:06+09:00,"['word481', 'word482']"
2019-09-20T17:49:07+09:00,"['word481', 'word482']"
2019-09-20T17:43:56+09:00,"['word484', 'word35', 'word485']"
2019-09-20T17:43:33+09:00,"['word484', 'word35', 'word485']"
2019-09-20T17:43:00+09:00,"['word484', 'word35', 'word485']"
2019-09-20T17:42:05+09:00,"['word471', 'word486']"
2019-09-20T17:41:53+09:00,['word471']
2019-09-20T17:16:20+09:00,['word471']
2019-09-20T17:16:05+09:00,['word471']
2019-09-20T17:05:33+09:00,['word487']
2019-09-20T16:18:12+09:00,['word488']
2019-09-20T16:14:20+09:00,['word489']
2019-09-20T16:14:13+09:00,['word281']
2019-09-20T16:12:19+09:00,['word281']
2019-09-20T16:11:59+09:00,['word281']
2019-09-20T16:11:41+09:00,['word281']
2019-09-20T16:11:33+09:00,"['word490', 'word491']"
2019-09-20T15:45:58+09:00,"['word492', 'word185']"
2019-09-20T15:45:53+09:00,"['word216', 'word185']"
2019-09-20T15:45:40+09:00,['word222']
2019-09-20T15:31:26+09:00,['word222']
2019-09-20T15:30:37+09:00,"['word216', 'word185']"
2019-09-20T15:30:02+09:00,"['word493', 'word160']"
2019-09-20T15:16:20+09:00,"['word493', 'word160']"
2019-09-20T15:03:51+09:00,"['word206', 'word489', 'word160']"
2019-09-20T15:02:41+09:00,"['word206', 'word489', 'word160']"
2019-09-20T15:00:39+09:00,"['word206', 'word489', 'word160']"
2019-09-20T15:00:33+09:00,['word206']
2019-09-20T14:48:31+09:00,"['word490', 'word491']"
2019-09-20T14:48:15+09:00,"['word206', 'word494']"
2019-09-20T14:47:00+09:00,"['word206', 'word494']"
2019-09-20T14:46:40+09:00,"['word206', 'word494']"
2019-09-09T15:16:34+09:00,"['word75', 'word4', 'word495', 'word188']"
2019-09-09T15:16:28+09:00,"['word75', 'word4', 'word495']"
2019-09-07T16:31:03+09:00,['word496']
2019-09-07T16:15:34+09:00,['word497']
2019-09-07T16:04:59+09:00,['word498']
2019-09-07T15:28:16+09:00,['word499']
2019-09-07T15:21:30+09:00,"['word500', 'word160']"
2019-09-07T15:14:34+09:00,"['word500', 'word160']"
2019-09-07T14:43:22+09:00,"['word500', 'word160']"
2019-09-07T14:43:19+09:00,"['word297', 'word501', 'word160']"
2019-09-07T14:42:40+09:00,"['word297', 'word501', 'word160']"
2019-09-07T14:42:39+09:00,"['word297', 'word501', 'word502']"
2019-09-07T14:42:30+09:00,"['word58', 'word295', 'word217']"
2019-09-07T14:42:20+09:00,"['word297', 'word501', 'word502']"
2019-09-07T14:40:21+09:00,"['word297', 'word501', 'word502']"
2019-09-07T14:40:06+09:00,"['word297', 'word501', 'word160']"
2019-09-07T14:39:49+09:00,"['word500', 'word160']"
2019-09-07T14:39:31+09:00,"['word500', 'word160']"
2019-09-07T14:35:02+09:00,"['word500', 'word160']"
2019-09-07T14:34:46+09:00,"['word489', 'word160']"
2019-09-07T13:55:41+09:00,['word498']
2019-09-07T13:54:53+09:00,['word498']
2019-09-07T13:49:15+09:00,"['word489', 'word160']"
2019-09-07T13:42:43+09:00,"['word489', 'word160']"
2019-09-07T13:42:23+09:00,"['word206', 'word489', 'word160']"
2019-09-07T13:32:08+09:00,['word471']
2019-09-04T12:40:06+09:00,"['word206', 'word489', 'word160']"
2019-09-04T12:39:59+09:00,"['word206', 'word489']"
2019-09-04T12:39:51+09:00,"['word206', 'word281']"
2019-09-04T12:39:38+09:00,"['word493', 'word209', 'word160']"
2019-09-04T12:20:32+09:00,"['word493', 'word209', 'word160']"
2019-09-04T12:20:07+09:00,"['word206', 'word160']"
2019-09-04T12:19:51+09:00,"['word206', 'word160']"
2019-09-04T12:19:30+09:00,"['word503', 'word160']"
2019-09-04T12:15:21+09:00,"['word503', 'word160']"
2019-09-04T12:05:50+09:00,['word504']
2019-09-04T11:59:42+09:00,"['word493', 'word505']"
2019-09-04T11:59:13+09:00,['word504']
2019-09-03T11:51:49+09:00,"['word75', 'word229', 'word24', 'word188']"
2019-09-03T11:51:42+09:00,"['word75', 'word229', 'word24']"
2019-09-03T10:29:53+09:00,"['word75', 'word229', 'word24']"
2019-09-03T10:28:06+09:00,"['word70', 'word468', 'word68']"
2019-09-03T10:27:53+09:00,"['word70', 'word468', 'word68']"
2019-09-03T10:27:34+09:00,"['word70', 'word468', 'word68']"
2019-08-29T16:29:16+09:00,"['word68', 'word506', 'word507']"
2019-08-29T16:29:04+09:00,"['word68', 'word506']"
2019-08-29T16:27:10+09:00,"['word70', 'word468', 'word68']"
2019-08-29T16:20:54+09:00,"['word70', 'word508']"
2019-08-29T16:17:59+09:00,['word509']
2019-08-29T16:14:10+09:00,"['word510', 'word511', 'word512']"
2019-08-29T16:13:55+09:00,"['word511', 'word512', 'word513']"
2019-08-29T16:13:46+09:00,['word511']
2019-08-29T15:22:41+09:00,"['word70', 'word468', 'word68']"
2019-08-29T15:17:29+09:00,"['word70', 'word468', 'word68']"
2019-08-29T15:17:22+09:00,"['word70', 'word468', 'word27']"
2019-08-29T15:16:59+09:00,"['word70', 'word468', 'word27']"
2019-08-29T15:16:30+09:00,"['word70', 'word468', 'word27']"
2019-08-29T15:06:04+09:00,"['word70', 'word514']"
2019-08-29T14:55:47+09:00,"['word75', 'word515']"
